text_a,label
请进来罢。,neutral
过儿，你们来得正好。鞑子攻城正急，两位一到，我平添臂助，真乃满城百姓之福。,happy
郭伯伯安好。,happy
你郭伯母即将临盆，这几天身子不适，日后再见罢。,sad
你回禀大帅，多谢赐宴。我有远客光临，不能奉赔了。,happy
杨大哥。,neutral
侄儿受伤后在一个荒谷中养伤，后来遇到师父，便同来相寻郭伯伯。,neutral
过儿，眼前强虏压境，大宋天下当真是危如累卵。襄阳是大宋半壁江山的屏障，此城若失，只怕我大宋千万百姓便尽为蒙古人的奴隶了。我亲眼见过蒙古人残杀异族的惨状，真是令人血为之沸。,fear
郭伯伯，你死之后，我定会记得你今晚这一番话。,sad
是。,neutral
我将他刺死之后，再去刺杀黄蓉，谅她一个待产孕妇，济得甚事大事一成，即可与姑姑同赴绝情谷取那半枚丹药了。此后我和她隐居古墓，享尽人间清福，管他这天下是大宋的还是蒙古的,neutral
我此刻刺杀郭靖，原是举手之事。但他一死，襄阳难守，这城中成千成万婴儿，岂非尽被蒙古兵卒残杀为乐我为了报一己之仇，却害了无数百姓性命，岂非大大不该,sad
郭伯怕一生正直，光明磊落，实是个忠厚长者，以他为人，实不能害我父亲。莫非傻姑神智不清，胡说八道我这一刀刺了下去，若是错杀了好人，那可是万死莫赎了。且慢，这事须得探问一下清楚再说。,angry
过儿，怎么了睡不着么,sad
郭伯伯，那一年你送我到重阳宫学艺，在终南山脚下牛头寺中，我曾问过你一句话。,neutral
那时你大怒拍碑，以致惹起全真教众老道的误会，你可还记得我问的那句话么,neutral
你骗我世上怎能有自己害死自己之事便算我爹爹自杀而死，也有迫死他之人。,angry
是你自己害死他的，你怎能给他报仇,angry
杨过，杨过，你平素行事一往无前，果敢勇决，何以今日却猥猥崽崽难道是内心害怕他武功厉害么今夜迁延游移，失了良机，明日若教黄蓉瞧出破绽，只怕连姑姑都死无葬身之地了。,angry
蓉儿么可有紧急军情,angry
过儿奋力夺回武林盟主之位，于国家大事上是非分明；两次救你和芙儿，全不顾自身安危，这等侠义心肠，他父亲如何能比,happy
我只恨杀他不早他父亲一掌拍在我肩头，这才中毒而死你我均有杀他之心，结果他也因我而死。,sad
这孩子这时睡得真好。,happy
任谁梦中翻身，必停打鼾。这孩子呼吸异常，难道他练内功时运逆了气么这岔子可不小。,surprise
过儿，你做什么恶梦了,fear
不知他要用什么恶毒的法子折磨我,angry
过儿，你练功太急，这叫做欲速则不达，快别乱动，我来助你顺气归源。,neutral
惭愧原来他只道我练功走火入魔，以致行为狂悖。,sad
过儿，好了吗想不到你的内力已有如此造诣，险些连我也照护不了。,surprise
你昨晚昏乱之中，竟要提刀杀我，幸好你自己不知，否则宁不自愧,sad
过儿，全真派内功是天下内功正宗，进境虽慢，却绝不出岔子。各家各派的武功你都可涉猎，但内功还是以专修玄门功夫为宜。待敌兵退后，我再与你共同好好研习。,neutral
刘备当年所乘之马。名叫的卢，相马者说能妨主，哪知这的卢竟跃过溪水，逃脱追兵，救了刘呈叔的性命。,neutral
你这话虽然不错，但什么是善什么是恶你夫妻俩暗中害死我父，难道也是善么当真是大言炎炎，不知羞惭。,angry
唐工部郎杜甫故里。,neutral
胡来但自守，岂复忧西部艰难奋长戟，万古用一夫。郭伯伯，这几句诗真好，是杜甫做的么,happy
你说为国为民，侠之大者，那么文武虽然不同，道理却是一般的。,neutral
郭伯怕，你说襄阳守得住吗,fear
干么守兵不开城门，放百姓进城,angry
放箭,neutral
莫错杀了好人好人怎能错杀,angry
你昨晚练气伤身，今日千万不能用力，在城头上给我掠阵罢。,neutral
莫错杀了好人好人怎能错杀,angry
他是我杀父仇人，我杀他不杀救他不救,angry
蒙古精兵，实非我积弱之宋军可敌。,neutral
殿下亲眼所见，若非杨过那小子出手救援，郭靖今日性命不保。老衲早知那杨过是个反复无常之徒。,fear
过儿，适才你使力强猛，胸口可有隐隐作痛么,neutral
没事，没事。,happy
靖哥哥，今晚我不大舒服，你在这儿照看一下。,neutral
没睡么,neutral
你非亲手杀他不可么时日无多了呢。,angry
你再逼我，干脆拿剑在我脖子上一抹，也就是了，免得我零碎受苦。,angry
既是如此，咱们从前的话就算白说。我一个人走得远远地，永远不见杨过，咱们也永远别见面了。,sad
你瞧，人家将我损得这样。,angry
谁叫你说便宜话儿我不嫁杨过，可也不能嫁你这小猴儿。,angry
芙妹，你叹什么气,angry
倘若你是她，便嫁哪一个,neutral
我到处都找过了，原来杨爷在园子里赏花。,surprise
过儿，你可知武家兄弟俩到敌营去干什么,neutral
两位武兄到敌营去了么,neutral
大蒙古国第一护国法师金轮法王书奉襄阳城郭大侠尊前：昨宵夜猎，邂逅贤徒武氏昆仲，常言名门必出高弟，诚不我欺。老衲久慕大侠风采，神驰想像，盖有年矣。日前大胜关英雄宴上一会，匆匆未及深谈，兹特移书，谨邀大驾。军营促膝，杯酒共欢，得聆教益，洵足乐也。尊驾一至，即令贤徒归报平安如何,happy
郭伯母智谋胜我十倍，我若有妙策，她岂能不知她邀我来此相商，唯一用意，便是要我和姑姑伴同郭伯伯前去敌营。郭伯伯到得蒙古军营，法王、潇湘子等合力纵能败他，但要杀他擒他，却也未必能够。,neutral
黄蓉啊黄蓉，你聪明一世，今日也要在我手下裁个筋斗。,happy
郭伯母果有防我之心，她是要留姑姑在此为质，好教我不敢有甚异动。我如定要姑姑同往，只有更增其疑。,neutral
龙姑娘剑术精妙，倘能同行，大得臂助。,happy
杨兄,neutral
是了，刺杀义兄义弟，原是他的拿手好戏，不知我父当年有何失误，致遭他毒手。郭靖啊郭靖，岂难道你一生之中，从未做过任何错事么,sad
这忽必烈举措不凡，果是劲敌。,neutral
走罢,neutral
襄阳在南，何以向北,neutral
降龙十八掌,neutral
你这浑人，在这儿瞎搅甚么快给我回去,angry
马大哥，我救了你一命，你知不知道,sad
你一棍打他的头，棍子没撞上什么，却反弹上来，这岂不古怪那卖珠宝的胡人武功很厉害，怎么一上手便给他伤了,surprise
那大和尚会画符，他送了给僵尸鬼和黑矮子，身上佩了这符，便不怕妖法。大和尚有没给你,neutral
九阴真经,neutral
如此缠斗下去，我终究要抵敌不住。过儿和那大个儿到那边相斗，那大个儿武功平平，这会儿该当已料理了他。须得尽快跟过儿会合，共谋脱身。,neutral
不妙,neutral
啊哟，痛死我也,sad
过儿，怎么啦,neutral
过儿，别怕，咱们定须冲杀出去。,happy
倘若他拿住了忽必烈，蒙古人投鼠忌器，势必放他脱身。,neutral
好,happy
我剑刺郭靖，何以你反而阻挡,angry
小心他棒中放毒。,neutral
神龙摆尾,neutral
过儿，快去抢马，我给你挡住敌人。,neutral
杨过，你干什么,angry
过儿快别理我，自己逃命要紧。,fear
杨公子快向外闯，我给你断后。,angry
蒙古第一勇士,happy
罢了，罢了,angry
他棒上有妖法，快快躲避,neutral
马儿，马儿，快快走罢,happy
冯铁匠死在法王手下了。,neutral
郭伯怕，你怎样,neutral
郭伯伯，郭伯伯，你怎样别伤了郭伯伯,angry
他己醒转，不碍事了，你在这儿陪着他。,happy
过儿别动，我在这儿守着。,neutral
襄阳城墙虽坚，却挡不住武林高手，你郭伯伯身受重伤，我又使不出力气，眼见敌人大举来袭，这便如何是好,sad
郭伯伯,neutral
龙姑娘，过儿身子亦未痊愈，咱们只能依靠你与朱子柳大哥拒敌了。,neutral
郭伯伯言道，此番全仗你出力。,neutral
他,neutral
我我你们待我这样好，我干么干么要杀你们,angry
我便是不懂。,sad
想是他见郭大爷对他推心置腹，义气深重，到得临头，却又不忍下手。,neutral
不能力敌，便当智取。,neutral
如何能教靖哥哥与芙儿平安。,happy
那不成，那不成,angry
妈，你教我怎么办呢，他哥儿俩各有各的好处，我怎能说多欢喜谁一些儿我教他们杀敌立功，那不正合了爹爹和你的心意么谁教他们这般没用，一过去便让人家拿住了,angry
郭伯伯，我只是外伤，服了郭伯母的九花玉露丸，全不当他一回事。,neutral
我己到城头上去瞧了一周，众弟兄都是斗志高扬，只是武家兄弟,neutral
嗯,neutral
对，国事为重,neutral
国事为重,neutral
你这话说得不错，时至今日，我心意方坚。此后活到一百岁也好，再活一个时辰也好，我是永远不会反复的了。,happy
若是找到了他，那便怎地,sad
自然刺你,neutral
我在蒙古军中受你金轮之伤，此刻才还得一剑。我这剑上有些古怪，你知不知道,neutral
姑姑莫慌，我来助你,happy
郭靖郭大侠，老袖来访，你怎地不见客人,neutral
好险,happy
我去引开敌人，你快扶郭伯伯去安稳所在暂避。,neutral
哇哇,surprise
这一次瞧你还能逃出我的手掌,happy
我干么要听你号令,angry
在这里啦,neutral
着,neutral
小子，投降了罢,happy
呆鸟,angry
杨过这兔崽子背了个假郭靖，费这么大的力气奔逃，自是要引得我瞎追一场。郭靖却必在我先前纵火之处附近。他既使奸计，我也便将计就计，引他过来。,neutral
好郭靖，原来你在此处，快跟老和尚走罢,happy
杨过，这次你总死了罢,angry
杨过啊杨过，你今日将小命送在我手里，也算是活该。,sad
姑姑，我在这儿,neutral
玉女素心剑法,neutral
今日不容他再逃，务须诛了这个祸根。,angry
瞧我这五轮齐施，还是奈何不了两个小鬼的双剑合壁。,angry
郭伯母的,neutral
郭伯伯、郭伯母部好么,happy
好,happy
咱们先杀了这贼秃，其余慢慢再说。,neutral
姑姑，这不成,surprise
你你,neutral
是我师姊。,neutral
玉女心经,neutral
顺水推舟,happy
小杨过，这一手耍得可俊,happy
李师伯，你快助我打退秃贼，别的慢慢再说不迟。,neutral
小龙女也叫他师姊，这女人的确是他师怕，何以又不出手相助其中必有诡计须得尽快伤了这小子，抢过婴儿。,neutral
我此刻为她死拚，若是天幸救得她性命，七日之后我便死了，日后她长到她姊姊那般年纪，不知可会记得我否,sad
郭伯母当年讲三国故事，说道其时曹魏最强，蜀汉抗曹，须联孙权。,neutral
李师伯，快抱了孩子逃走，让我挡住贼秃,fear
李师怕，你小心和尚这个轮子，被我削破的口子上染有剧毒，莫给他扫上了。,fear
公孙止为人险诈，只怕剑上果然有毒。,neutral
李师伯，不用走啦这贼秃身中剧毒，活不多久了。,fear
李师伯，是我,neutral
郭靖逃进了洞里么,neutral
我去瞧瞧这山洞是否另有出口。,neutral
你心疼么,sad
冰魄银针,neutral
我已有退敌之计，你哄着孩子别哭。,neutral
这小小的调虎离山之计，也想在老和尚面前行使。,neutral
李师伯，那贼秃走了，咱们并肩往外。,neutral
啊哟,surprise
喂，小子，他们干甚么啊,angry
嗯，他定是想骗我出去，夺我解药。,neutral
你快将针拔去，咱们呆在这儿干么,angry
师妹呢她连自己孩子饿死也不理么,angry
不错，我是决意要娶姑姑的。但我们尚未成亲，何来孩子你嘴里放干净些。,happy
你骂我不要紧，但你出言辱我师父，今日跟你拚了。,angry
你伤了孩子么,angry
两人都不在啦，想是中毒之后，吓得远远逃走了。,fear
哼，中了我银针之毒，便算逃走，又怎逃得远你将洞口的针拔掉，放在我面前。,angry
你将孩子抱到哪里去,neutral
你先得给她吃奶啊。,neutral
你瞧她有没有牙齿,surprise
我叫你喂我的孩子吃奶，你没听见么谁教你抱自己儿子了,angry
天下哪有如此横蛮女子,surprise
且慢,neutral
抓住了，可别弄死。,neutral
李师伯，你快用树皮结两条绳索，将它四条腿缚住。,neutral
咱们请你做一会儿乳娘，不会伤害你性命。,neutral
你放她在这儿睡罢,angry
天快黑了，今晚怎么办,sad
李师伯，你歇一会儿，我去弄些吃的。,neutral
将这头丑雕捉去，跟郭芙的双雕比上一比，却也不输于她。,neutral
啊,neutral
难道你有必胜把握，不愿我插手相助,sad
雕兄，你神力惊人，佩服佩服。,happy
洞中定是住着甚么前辈高人，这巨雕自是他养驯了的，这却不可少了札数。,neutral
看来这是一位奇人的埋骨之所，只可惜雕儿不会说话，无法告我此人身世。,neutral
剑魔,neutral
这位独孤前辈的遗言之中称雕为友，然则此雕虽是畜生，却是我的前辈，我称它为雕兄，确不为过。,neutral
雕兄啊雕兄，小弟命不久长，待郭伯伯幼女之事了结，我和姑姑最后话别，便重来此处，得埋骨于独孤大侠之侧，也不枉此身了。,sad
你到哪里去啦这儿有个孤魂野鬼，未来往往的哭个不停，惹厌得紧。,angry
李师怕，你照料着孩子，让我求对付他。,fear
我好惨啊，我好惨啊妻子给人害死了，两个儿子却要互相拚个你死我活。,sad
这世上我就只两个儿子，他们偏要自相残杀，我这老头儿还活着干么,angry
小人杨过，前辈可是姓武，尊号上三下通么,surprise
你是谁怎知我的名字,sad
你在这儿干么啊，是了，敦儒与修文要在此处比武，你是作公证人来着。哼哼，你既是他们知交，怎不设法劝阻反而推波助澜，好瞧瞧热闹，那算得是甚么朋友,angry
小侄不知二位武兄要来比武，老伯不可错怪了人。,neutral
这小子未必便识得我两个孩儿，鬼鬼祟祟的躲在这儿，定是另有诡计。,neutral
好小子，轻功倒是了得，亮剑动手罢,happy
他与李莫愁有杀妻大仇，只要一照面，非拚个你死我活不可。两人动上手便是绝招杀着，我未必能护得住婴儿。,neutral
小子狂妄，适才我掌底留情，未下杀手，你便敢轻视于我么,angry
弹指神通,neutral
咦,neutral
弹指神通,neutral
啊哟,surprise
小侄这一招避得太也难看，倘若当真比武，小侄已然输了。,neutral
我一生没做过甚么于人有益之事，死了以后，姑姑自然伤心，但此外念着我的，也不过是程英、陆无双、公孙绿萼等寥寥几个红颜知己而已。今日何不做桩好事，教这位老伯终身记着我的好处,sad
只是得罪了两令郎，老伯可莫见怪。,neutral
我爹爹若是尚在人世，亦必如此爱我。,happy
郭伯伯武功之强，冠绝当时，但他传授徒儿似乎未得其法，武氏兄弟又资质平平，看来郭伯伯武功的二成也未学到。,neutral
你来这儿干么,angry
倘若真是练功用功，我自然管不着。可是你们出招之际，心中尽想着我的芙妹，我不管谁管,angry
芙妹是郭伯伯、郭伯母的亲生女儿不是婚姻大事须凭父母之命是不是郭伯伯早将芙妹的终身许配于我，你们又非不知，却私自在这里斗剑，争夺我未过门的妻子，你哥儿俩当我杨过是人不是,angry
哼，未过门的妻子亏你说得出口这婚事有媒妁之言没有你行过聘没有下过文定没有,angry
师父有意将芙妹许配于你，这话说不定也是有的。可是师母却有意许我兄弟之中一人。眼下咱们三人均是一般，谁都没有名份，日后芙妹的终身属谁，却难说得很呢。,neutral
错了，错了。郭伯伯固然欢喜我，郭伯母却更加欢喜我，你两兄弟哪能与我相比,sad
芙妹曾对我言道：两位武家哥哥缠得她好紧，她无可推托，只好说两个都欢喜。哈哈，世上哪有一个好女子会同时爱上两个男人我那芙妹端庄贞淑，更加决无此理。我跟你们实说了罢，两个都欢喜，便是一个都不欢喜。,happy
总而言之，芙妹是我未过门的妻子，日后我和她百年好合，白头偕老，相敬如宾，子孙绵绵,happy
姑姑,neutral
文儿，儒儿，咱们一块儿走。,happy
爹爹。,angry
大哥，咱们一齐回襄阳去，亲口向芙妹问个明白。,neutral
武二哥，芙妹两字，岂是你叫得的从今而后，这两字非但不许你出口，连心中也不许想。,angry
文儿，好端端的打甚么架,angry
此剑岂为对付两位而用,neutral
咱们此刻比武，不为往时旧怨，也不为今日新恨，乃是为芙妹而斗。倘若我输了，我只要再向她看上一眼，再跟她说一句话，我便是猪狗不如的无耻之徒。但若你们输了呢,neutral
兄弟同心，其利断金。你两兄弟联手，果然厉害。,happy
好，小心着，我岳母亲手所授的精妙功夫这就来了,happy
不错，同胞手足，有难同当。,happy
咱们一齐瞧见，何以我会使，你却不会我岳母跟鲁长老说的只是口诀，招数却是我岳母暗中传我的。连我的芙妹也不会，你们如何懂得,angry
此刻既无对证，我虽用打狗棒法胜了，你们仍是心服口不服。好罢，我另使一门我岳母暗中所授的功夫，给你们见识见识。,angry
那又何必如此小气好，我问你，你师母拜洪老帮主为师之前，武功传自何人,angry
你们见过黄岛主没有,neutral
瞧着，这是萧史乘龙,surprise
山外清音，金声玉振，凤曲长鸣，响隔楼台，棹歌中流,happy
玉箫剑法精妙之处，尚不止此，小心了,neutral
大哥，咱们要是就此罢手，活在世上还有甚么味儿不如跟他拚了,angry
好，如此相斗，才有点味儿,happy
这弹指神通功夫，也是我岳母传的,neutral
多有得罪。,neutral
快些引开他们三人，这话给李师伯听见了可大大不妙。,neutral
四位且莫动手，听在下一言。,neutral
李师伯，你将孩子给我抱着。,neutral
你怎地叫她师伯,angry
李师伯，孩子给我,neutral
你敢来抢我手臂一紧，瞧孩子活是不活,angry
李师伯,neutral
你抱住我干么救他们的伤要紧啊。,fear
你有解药没有有解药没有,angry
使不得,sad
再过五日，我身上的情花剧毒便发，在这世上多活五日，少活五日，实在没甚么分别。武氏兄弟人品平平，但这位武老伯却是至性至情之人，和我心意相合，他一生不幸，罢罢罢，我舍却五日之命，让他父子团圆，以慰他老怀便了。,sad
姑姑，姑姑,neutral
过儿，好好休息，你姑姑有事出城去了。,neutral
武老伯，我没事了，你不用担心。两位武兄都安好罢,happy
咱们怎地回襄阳来的,surprise
拜见,neutral
我若叫恩公，谅你也不肯答应。但你如再称我老伯，那你分明是瞧我武三通不起了。,neutral
咱们回到襄阳有几日啦,neutral
莫非当我昏晕之时，那位天竺神僧给我服了甚么灵丹妙药，竟连情花的剧毒也化解了。唉，不知姑姑到了何处她若得悉我能不死，真不知该有多快活呢,sad
杨兄弟，你怎么啦,surprise
这情花是上古异卉，早已绝种。佛典中言道：当日情花害人无数，文殊师利菩萨以大智慧力化去，世间再无流传。,neutral
阿弥陀佛,happy
常言道善有善报，杨居士舍身为人，真乃莫大慈悲，此毒必当有解。,happy
师弟，咱们齐去绝情谷，逼那老乞婆交出解药。,neutral
大师有何言语，请说不妨。,neutral
郭姑娘，你好早。,happy
郭伯伯要你来吩咐我甚么话么,angry
不是,neutral
你父亲是郭大侠，母亲是黄帮主，便了不起么,happy
我问你哼甚么,neutral
莫非我哄骗武氏兄弟的言语给她知道了,surprise
我是为了他们好，免得他们亲兄弟拚个你死我活，伤了老父之心。这些话是武老伯跟你说的，是不是,neutral
武老伯说道，大武哥哥、小武哥哥两人打你不过，给你逼得从此不敢再来见我，这话可是真的么,neutral
你说我妈妈暗中教你武功，看中了你，要招你作女婿，有这等事么,surprise
这些事慢慢再跟你算帐。我妹妹呢你把她抱到哪里去啦,angry
是啊，快情郭伯伯过来，我正要跟他说。,neutral
这李莫愁是你师伯，是不是你们本来一齐躲在山洞之中，是不是,neutral
郭姑娘你可别瞎说，我杨过为人虽不足道，焉有此意,angry
你师父亲口跟朱伯伯说，你与李莫愁同在那荒谷之中，请朱伯伯将我爹爹的汗血宝马送去借给你，好让你抱我妹妹赶到绝情谷去,neutral
想不到你竟还有一丝羞耻之心，自己也知如此居心，难容于天地之间了罢,angry
你骂我辱我，瞧在你爹娘脸上，我也不来跟你计较。你却怎敢说我师父,angry
你撒谎骗人，我师父怎会说这些话那淑女剑呢你拿不出来，便是骗人,angry
谁要与你配成一对儿这剑明明是我师父的，你偷了她的，你偷了她的,angry
他对他师父如此敬重，我偏说一件事情出来，教他听了气个半死不活。,angry
你师父相貌美丽，武功高强，果然是人间罕有，就只一件事不妥，,neutral
只可惜行止不端，跟全真教的道士们鬼鬼祟祟，暗中来往。,neutral
我师父冰清玉洁，你再瞎说一言半句，我扭烂了你的嘴。,angry
那便怎地,angry
甚么怎样怎样,neutral
我得罪了郭伯伯与郭伯母的爱女，这位姑娘是襄阳城中的公主，郭伯伯郭伯母纵不见怪，此处我焉能再留,sad
我那未过门的妻子,sad
让妹妹在绝情谷去耽上几日，并无大碍，这是为了救你未婚夫婿的性命，你自然也会出力。,neutral
迟得片刻，杨过性命便有重大危险,neutral
迟得片刻，杨过性命便有重大危险,neutral
我把这剑拿去给了郭姑娘，让他们配成一对儿，也是一件美事。,happy
你们原是一对,surprise
咱们修道之士，一个把持不定，堕入了魔障，那便须以无上定力，斩毒龙，返空明。我不住提那小龙女的名字，是要你习听而厌，由厌而憎。这是助你修练的一番美意啊。,happy
杨过,neutral
是你,neutral
玉女素心剑法,neutral
全真教是中原武林的一大宗派，若能笼络上了以为蒙古之助，实是奇功一件。明日见了王爷，也有个交代。,neutral
单她一人决不是我对手，何以竟敢如此大胆，跟随不舍莫非杨过那小子在暗中埋伏么,surprise
我生平纵横无敌，来到中原，却接连败在小龙女和杨过那小子双剑合璧之下。今日她对我紧追不舍，定无善意，我何不出其不意的骤下杀手，将她毙了她便有帮手赶到，也已不及救援。此女一死，世间无人再能制我。,sad
她与杨过双剑合壁，自有其厉害之处。但此时她孤身落单，我取她性命可说易如反掌。,neutral
倘若果如法王所言，三月后我得任掌教，那时声名扬于宇内，天下三千道观、八万弟子尽数听我号令，哼哼，要取杨过那小子的性命，自然是易如反掌。,neutral
甚么东西咬我，这么这么厉害,angry
你说玉蜂针打完了，我怎会上这个当定是想诱我近前，另使古怪法道射我。,angry
他不肯送饭的。,angry
分心二用,neutral
郭大侠,neutral
玉女素心剑法,neutral
不要脸啊真正不要脸，三个武林大宗师，围攻一个小姑娘。,angry
此时仇隙未成，她未必便施杀手。这全真教的掌教于我有甚好处，我何苦为他树此强敌,neutral
天罗地网势,neutral
玉女素心剑法,neutral
玉女心经,neutral
罢了，罢了，原来古墓派的武功精妙若斯，要想胜她，那是终身无望了。,sad
玉女素心剑法,neutral
玉女心经,neutral
过儿，是你，这不是做梦么,happy
我我,neutral
姑姑，我还是来迟了一步,sad
你抱我，用用两只两只手,happy
不你的右臂呢怎么没了怎么没了,sad
早就不痛了。只要我见了你面，永远不跟你分开，少一条臂膀又算得甚么我一条左臂不是也能抱着你么,happy
旁若无人,sad
手臂断了，自然是给人家斩的。,neutral
过儿，我求你一件事。,neutral
姑姑，我自然陪着你。那郭姑娘跟我有甚么相干我这条手臂便是给她斩断的。,neutral
肩贞穴,neutral
我决不要再见郭伯伯，无论如何不要见他。,sad
我身中情花剧毒，但过期不死，或许正如那天竺神僧所言，吸了冰魄银针的毒汁之后，以毒攻毒，反而延了性命。但剧毒未去，迟早总要发作。此刻身受重伤，若到终南山去找寻姑姑，定然不能支持，难道我命中注定，要这般客死途中么,sad
想不到我杨过血中之毒，竟连蜈蚣也抵挡不住。,surprise
雕兄，咱们又相见啦,happy
雕兄，我身遭大难，特来投奔于你。,happy
是了，我既到雕兄谷中，也不必再出去了，要这马何用,neutral
振衣千仞冈，濯足万里流,happy
雕兄，只可惜我没公冶长的本事，不懂你言语，否则你大可将这位独孤前辈的生平说给我听了。,neutral
凌厉刚猛，无坚不摧，弱冠前以之与河朔群雄争锋。,neutral
这里少了一把剑，原来是给他抛弃了，不知如何误伤义士，这故事多半永远无人知晓了。,sad
此剑如此沉重，又怎能使得灵便何况剑尖剑锋都不开口，也算得奇了。,surprise
重剑无锋，大巧不工,neutral
雕兄，你要试试我的武功么左右无事，我便跟你玩玩。,neutral
你要我使重剑但我武功平常，在这绝壁之上跟你过招，决非雕兄敌手，可得容情一二。,neutral
雕兄，你不能当我是独孤大侠啊,angry
你不能当我是独孤大侠,angry
重剑无锋，大巧不工,neutral
雕兄，这般大雨，咱们还练武不练,angry
下了这场大雨，山洪暴发，可得小心些,happy
下去干么水势劲急，只怕站不住脚。,fear
千斤坠,neutral
这位雕兄当真是严师诤友，逼我练功，竟没半点松懈。它既有此美意，我难道反无上进之心,happy
雕兄，你这不要了我命么,angry
上天梯,neutral
壁虎游墙功,neutral
这两人明明是抱了襄儿前去绝情谷，想换解毒药物，你口口声声还说杨过是好人这孩子生下不到一个时辰，便落入了他们手中，这时还有命么,angry
难道那小女孩已从李莫愁手中抢回来了怎么她又说这时还有命么,surprise
这女孩儿就算找了回来，你待她仍如对待芙儿一般，娇纵得她无法无天，这样的女儿有不如无,angry
原来除我之外，还有人在窗外偷听，却是谁了,surprise
你还叹甚么气你断我一臂，我便也断你一臂，只不过好男不与女斗，此刻我下来伤你，虽然易如反掌，却不是大丈夫行径。,angry
莫非郭伯伯知我来此，特来保护女儿好我便先和你动手打你不过，死在你手下便了。,neutral
杨过的祖父铁心公，和你祖父啸天公是异姓骨肉，他的爹爹和你爹爹，也是结义兄弟，这你都是知道的。,neutral
惨死在嘉兴王铁枪庙中,neutral
我要不要下去阻止叫他饶了郭姑娘,angry
龙姑娘没有怀孕，怎会有私生女儿这明明是我女儿，她当面谎言欺诈，是何用意,angry
这孩儿的父亲么说起来更是气人，却是我师妹的徒儿杨过。,angry
郭夫人，你要助杨过抢这孩儿么,neutral
你对这孩儿如此牵肚挂肠，旁人不知，还道还道是你的哈哈,angry
是啊。,neutral
只有先打退敌人，然后把棘藤一条条自外而内的移去，再抱婴儿。这时如莽撞乱闯，敌人占了阵图之利，自己非败不可。,neutral
芙儿断他一臂，他和我郭家更是结下了深仇，襄儿落入此人手中，这条小命算是完啦。他也不用下手相害，只须随手将她在荒野中一抛，这婴儿哪里还有命在,angry
他便是轻功练到了绝顶，这软泥之上也必会有浅浅的足印，难道他竟是在空中飞行的么,surprise
郭伯母，你女儿欠我一条臂膀，你丈夫斩不了，便让我来斩。你在明，我在暗，你想永世保住女儿这条右臂，只怕也不怎么容易。,sad
啊,neutral
郭伯伯、郭伯母这个小女儿，我总是不还他们了，也算报了我这断臂之仇。他们这时心中的难过懊丧，只怕尤胜于我。,sad
我重阳宫清修之地，今日各位来此骚扰，却是为何,angry
姑姑，我和你回古墓去，别理会这些人啦,angry
逆徒杨过，两位祖师爷跟你说话，你不跪下磕头，竟敢倨傲不理,angry
姑姑伤在你全真教一般臭道士之下，今日暂且不理，日后再来跟你们算帐。,angry
上罢,neutral
志敬，剑下留情,happy
牛鼻子要脸么刺人家的断臂,angry
千斤坠,neutral
赵道长，当时在大胜关郭大侠跟前，你已明言非我之师，今日何以又提师承之说也罢，瞧在从前叫过你几声师父的份上，让你去罢,angry
今日饶你一命，快快回天竺去罢。,happy
天竺矮子向来好生自负，对我不服，这就可算是完了。眼下高手毕集，快抢先擒了杨过，那正是扬名立威的良机。,neutral
姑姑伤重，须得及早救治，偏生眼前强敌甚多，不下杀手，难以脱身。,neutral
上罢,neutral
不好,angry
这人的武功当真邪门,surprise
此剑如此威猛，大非寻常，剑身深黑之中隐隐透出红光，莫非竟是以玄铁制成这玄铁乃天下至宝，便是要得一两也是绝难，寻常刀枪剑乾之中，只要加入半两数钱，凡铁立成利器。他却从哪里觅得这许多玄铁再说，这剑倘若真是通体玄铁，岂非重达四五十斤，又如何使得灵便,surprise
尹兄，我和你素无过节，快快撤鞭让路。你这条软鞭上宝贝不少，损坏了有些可惜。,neutral
撒剑,neutral
撒剑,neutral
金轮法王，咱们的帐是今日算呢，还是留待异日,neutral
过儿，你给我找一把剑，咱们咱们一起一起使玉女素心剑法除他。,neutral
你不敢移动身子，加重小龙女伤势，处境之劣，无以复加。我纵跃远攻，已立于不败之地。,neutral
啊,neutral
小心了,happy
好,happy
此人内力竟然如此深厚。,surprise
大师兄,happy
杨过虽与我教为敌，但大丈夫光明磊落，是输是赢，当凭真本事取决。终南山岂容好徒猖狂,happy
这和尚只要再向前半尺，我右手袖子拂将出去，虽不能制他死命，也要打得他头昏眼花。,neutral
师父,neutral
大师哥，你饶小弟一命，待我救回师父，找那狼心狗肺的师弟来碎尸万段，然后自行投上，任凭大师哥处置。那时要杀要剐，小弟决不敢皱一皱眉头。,angry
你去罢,angry
小兄弟，真有你的,happy
啊，还有这多臭道士没打发，我来助你。,angry
金轮法王、潇湘子等互有心病，和我相斗时逐一出手，均盼旁人鹬蚌相争，自己来个渔翁得利。要是这六人一拥而上我就万难抵挡。何况我与金轮法王比拚内力，实已输定，幸得姑姑金针一刺，才令我侥幸得胜。全真教诸道却是齐心合力，听从五子号令。群道武功虽不及法王等人，但众志成城，威力实比法王等各自为战强得多了。反正我已和姑姑在一起，打到甚么时候没了力气，两人一起死了便是。,neutral
杨过，你武功练到了这等地步，我辈远远不及。但这里我教数百人在此，你自忖能闯出重围么,happy
璇玑、摇光后击,neutral
且住,neutral
救姑姑的性命要紧，和这些牛鼻子道人相斗，胜败荣辱，何足道哉,angry
但他舍命救我，你也别再难为他。总之，是我命苦。,sad
姑姑，咱们去罢,neutral
那日她在这终南山上，曾问我愿不愿要她做妻子，那时我愕然不答，以致日后生出这许多灾难困苦。眼前为时无多，务须让她明白我的心意。,sad
这是你的真心话么是不是为了让我欢喜，故意说些好听言语,happy
当年重阳先师和我古墓派祖师婆婆原该好好结为夫妻，不知为了甚么劳什子古怪礼教，弄得各自遗恨而终，咱俩今日便在重阳祖师的座前拜堂成亲，结为夫妇，让咱们祖师婆婆出了这口恶气。,angry
先师以大智慧、大定力出家创教，他老人家一番苦心孤诣，岂是你后生小子所能窥测你再在此大胆妄为，胡言乱语，可莫怪我剑下无情了。,angry
单凭你这老道姑，自然非我敌手，只是一动上手，全真教余人决无袖手之理。但我非和姑姑立刻成亲不可。若不在此拜堂，出得重阳官去，她万一伤重不治，岂不令她遗恨而终你骂我大胆妄为，哼，我杨过大胆妄为，又非始于今日。我既说了要在重阳祖师像前成亲，说甚么也要做到。,angry
会宗,neutral
孙道长，多有得罪，回头向你赔礼。,happy
各位请都站在殿外，谁都不可进殿一步。我二人早已豁出性命不要，若要动手，我二人和孙道长一起同归于尽便了。,neutral
对不住,sad
活死人,angry
弟子杨过和弟子龙氏，今日在重阳祖师之前结成夫妇，此间全真教数百位道长，都是见证。,neutral
咱们就此拜堂成亲，你也跪下来罢,happy
你难道还不明白我的心么,sad
咱二人虽然一生孤苦，但既有此日此时，实是福缘深厚已极。过去的苦楚烦恼，来日的短命而死，全部不算甚么。,happy
弟子杨过和龙氏真心相爱，始终不渝，愿生生世世，结为夫妇。,happy
此刻咱二人已结成夫妻，即令立时便死，也已无憾。,happy
今日是我夫妇大喜的日子，何苦伤害人命这老道姑只不过脾气乖僻，又不是有甚么过恶。,angry
不如从殿顶破洞中窜出。上面虽有四个高手，但这四人谅来不致对我施展杀招。,neutral
这些牛鼻子道人布不成阵法，若是我尚有一臂，焉能困得住我二人,angry
乖乖不得了，我服侍不了这批蜜蜂老太爷，好姑娘快来救命。,sad
你指挥蜜蜂相助，咱们闯将出去。,happy
咱们过去瞧瞧，杨过手下留情，没伤了孙师妹，大可化敌为友。,neutral
他们从这里走了,sad
大伙儿一起去。,happy
咱们去哪里呢,neutral
我也不一定要回古墓，你不用操心啦。,neutral
你这主意儿真好。,happy
郭伯伯的姑娘我也带来啦，你说怎么办,neutral
咱们只好把她带到墓里去啦，在这荒山野地中放着，再过半天便得要了她的小命。,angry
足够咱们吃七八天的了。,happy
咱们终于回家啦,happy
对丈夫说话，也不用这般客气。,angry
我听孙婆婆说，这箱中是祖师婆婆的嫁妆。后来她没嫁成，这些物事自然没用的了。,neutral
我打扮做新娘子，好不好,happy
要梳髻子，我可不会，过儿你会不会呢,neutral
你说我好不好看,angry
你的小名儿到底叫甚么今天可以说给我听了罢。,neutral
哇,neutral
你瞧这套衣裙上的凤凰绣得多美，我来帮你穿上,happy
我打扮好啦，就可惜箱中没新郎的衣冠，你只好委屈一下了。,sad
这里有些信。,neutral
专陈林朝英女史亲启,neutral
孙老道姑他们古板得不得了，见咱俩在重阳祖师的遗像前拜堂成亲，便似大逆不道、亵渎神圣一般。我就不信重阳祖师当年对祖师婆婆没有情意。若是拿这束信让他们瞧瞧，那些牛鼻子老道的嘴脸才教有趣呢。,angry
是啊,neutral
咱们只看一封，好不好决不多看。,neutral
英妹如见：前日我师与鞑子于恶波冈交锋，中伏小败，折兵四百,neutral
这位重阳祖师固然是男儿汉大丈夫，一心只以军国为重，但寡情如此，无怪令祖师婆婆心冷了。,sad
嗯，当年祖师婆婆也受过伤，后来自然好了。你的伤势慢慢将养，便算须得将养一年半载，终究也会痊可。,happy
慢慢将养便是了，又急甚么这些信中也无私秘，你就读完了罢,neutral
这些信读了令人气沮，咱们还是说些别的罢咦，甚么,angry
我不知道，但重阳祖师如此说法，必有道理。你瞧，寒玉不是给他求来了么祖师婆婆不是制成了床来睡么她的重伤不是终于痊可了么,neutral
寒玉,neutral
你呆头呆脑的想甚么,angry
过儿，你不用多想我身上的伤，又何必自寻烦恼,sad
那恶人是谁他武功既尚在师祖之上，必是当世高手。,neutral
师父不跟我说。她叫我心中别有爱憎喜恶之念，说道倘若我知道了那恶人的姓名，心中念念不忘，说不定日后会去找他报仇。,neutral
嗯,neutral
不，我不倦。今晚咱们不睡。,happy
春蚕到死丝方尽，蜡炬成灰泪始干。,sad
我不要死，过儿我不要死，咱两个要活很多很多年。,sad
李莫愁作恶多端，这时好好的活着。龙儿一生从未做过害人之事，却何以要命不久长老天啊老天，你难道真的不生眼睛么,sad
是欧阳锋，孙婆婆说定是欧阳锋过儿，过儿，你到哪里去了,neutral
你放心，这一辈子我是永远不离开你的啦。将来便是要出古墓，我也是寸步不离的守在你身边。,happy
我不想睡，你跟我说话啊。,sad
现下我义父死了，师祖和孙婆婆死了，重阳祖师和祖师婆婆都死了，甚么怨仇，甚么恩爱，大限一到，都被老天爷一笔勾销。倒是我师祖最看得破，始终不肯说我义父的姓名,sad
你想起了甚么,neutral
我试给你瞧瞧。,neutral
傻小子，轻轻的试一下也就是了，准教你撞得砰嘭山响，有些痛么,happy
龙儿，我想到了一件极要紧的事儿，却不知是甚么。你知道么,neutral
你刚才在说你义父欧阳锋，说他能逆行经脉，这和我伤势有甚么关系我又不是他打伤的,angry
是了,neutral
龙儿，你听我说，现下你受了重伤，不能运转本门的玉女心经，以致伤势难愈。但你可以逆行经脉疗伤，寒玉床正是绝妙的补助。,neutral
难道祖师婆婆以寒玉疗伤，她也是逆行经脉么,surprise
事不宜迟，咱们这便起手。,neutral
那位郭姑娘还不算太坏，没斩断你两条手臂。,angry
啊哟险些误了大事,sad
你全身三十六处大穴尽数冲开，我瞧快则十日，慢须半月。本来这么多的时日之中，免不了有外物分心，但这古墓与尘世隔绝，当真是天下最好不过之地，便是最幽静的荒山穷谷，也总会有清风明月、鸟语花香扰人心神。,happy
我这伤是全真道人打的，但全真教的祖师爷造了墓室、备了寒玉床，供我安安静静的休息，回复安康，他们的功罪也足以相抵了。,sad
只要我能活着，你还有甚么不满足的么,happy
你使甚么诡计，将我女儿藏到哪里去啦,angry
璇玑穴,neutral
若是落在杨过手中，那倒不妨，就怕是法王这贼秃抢了去。,neutral
唉，过儿救过靖哥哥，救过我，救过芙儿，这次又救了襄儿但我心中先人为主，想到他作恶多端的父亲，总以为有其父必有其子，从来就信不过他便是偶尔对他好一阵，不久又疑心他起来。蓉儿啊蓉儿，你枉然自负聪明，说到推心置腹，忠厚待人，哪里及得上靖哥哥的万一。,sad
李道长帮咱们去找你妹子。你说妹妹怎么啦,neutral
这小子功夫练到这步田地，定是得力于我师父的玉女心经。眼下有郭夫人这个强援，我助她夺回女儿，她便得助我夺取心经。我是本派大弟子，师妹虽得师父喜爱，但她连犯本派门规，这心经焉能落入男子手中,neutral
芙儿，你也不用回桃花岛啦，咱们一起找杨大哥去。,neutral
我的功夫是哥哥教的。,neutral
好啊，又是一对没几日之前，两兄弟为了芙儿拚命，兄弟之情也不顾了，这时另行见到了美貌姑娘，一转眼便把从前之事忘得干干净净。,happy
好孩儿，有志气,happy
杨兄弟一片肝胆热肠，全是为了相救我那两个畜生，免得他兄弟自残，沦于万劫不复之地，想不到竟生出这些事来。,angry
武敦儒、武修文你这两只小畜生，杨过兄弟待你们何等大仁大义，你这两只畜生却累得他断了手臂，你们自己想想，咱们姓武的怎对得他住,angry
武兄也不必太过着恼，杨过断臂，全因小妹没有家教，把女孩儿纵坏了。当时我们郭爷也是气恼之极，要将小女的手臂砍一条下来。,angry
武兄，现下一切说明白啦，实是错怪了杨过这孩子。眼前有两件大事，第一，咱们须得找到杨过，好好的向他赔个不是。,angry
我师叔和师弟是被渔网阵困住的，囚在石室之中，那老乞婆倒似还不想便即加害。,neutral
好这一次咱们找杨过、求解药、救你的师叔、师弟，须得和衷共济。旧日恩怨，暂且搁过一边。武兄，你们父子可不能找李莫愁算帐，待得大事一了，再拚你死我活不迟。,happy
那日两兄弟就算不中李莫愁的毒针，他二人自相残杀，必有一亡，而活着的那一个，我也决不能当他是儿子了。现下这两只畜生居然好端端地有说有笑，杨兄弟却断了一条手臂。唉，真不知从何说起该当斩下两只小畜生的臂膀来，接在杨兄弟身上才是道理。,sad
丘道长，贵教安排有序，足见大才，眼前小小难关，不足为患。行见日后卷土重来，自必更为昌盛。此番我们有事来找杨过，就此拜别。,happy
杨过却不知他是否仍在此山之中,neutral
全真教早有布置，自能脱身。我上山来是找杨过、接女儿，别混在大军之中，误了要事。,neutral
你怎知他定在古墓之中,surprise
她对襄儿纵然喜爱，也决不肯干冒如此奇险，必定另有重大图谋。,neutral
我助你去夺回女儿，你须助我夺回本门武经。你是丐帮帮主、扬名天下的女侠，可不能说了话不算。,angry
郭夫人精通奇门之变，杨过既然在此山上，郭夫人还愁找不到么何必要我引路,neutral
要找寻古墓的入口，小妹却无此本事。但想杨过和龙姑娘虽在墓中隐居，终须出来买米打柴。我们七个人分散了慢慢等候，总有撞到他的日子。,neutral
今日你们恃众凌寡，我别无话说，反正我也是要去找杨过，你们跟我来罢,angry
此处已是古墓中心，咱们少憩片刻，这便找杨过去。,neutral
这几个家伙出不来啦。师妹和杨过只道我不识水性，说甚么也料不到我会从秘道进来偷袭。,neutral
膻中,neutral
嗒,neutral
嗒,neutral
嗒,neutral
那日郭芙斩我一臂，剑锋倏然而至，虽然痛苦，可比这慢慢的煎迫爽快得多。,happy
你要甚么,neutral
且告知她真相，心经奥妙，让她去慢慢参悟琢磨就是。我们只消有得几个时辰，姑姑的膻中穴一通，那时杀她何难,neutral
啊，杨过断臂重伤，这小贱人正以内力助他治疗。此刻行功正到了要紧关头，今日不伤他二人性命，此后怎能更有如此良机,happy
你作死么,angry
那日我借给你的一件袍子，今日可带来还我么,neutral
龙儿，抓住我脚,happy
三无三不手,neutral
膻中穴,neutral
若非你赶来相助，你师妹这膻中大穴可不易打通呢。,neutral
快取解药来,neutral
这小子武功古怪之极，我稍待片刻，让他毒发跌倒，才可走近。,neutral
啊,neutral
让路,neutral
李莫愁，这玉女心经总是不能让你到手。啊哟,happy
玉女心经,neutral
起,neutral
武伯伯，你瞧瞧有甚么不对了。,surprise
怎么是她,surprise
啊哟,surprise
啊哟,surprise
杨大哥，龙姊姊，小妹不知是你两位，发针误伤。好在我妈妈有医治这毒针的灵药，当年我的两只雕儿给李莫愁银针伤了，也是妈妈给治好的。你们怎么好端端的躲在棺材之中谁又料得到是你们呢,sad
我不来怪你，也就是了。,sad
过儿，咱们命该如此，也怨不得旁人，你别太气苦了。,angry
杨兄弟请别生气。我们五人给李莫愁那魔头困在石室之中，好容易逃了出来，郭姑娘一时鲁莽，失手,neutral
怎么，是我鲁莽了你自己也以为是李莫愁，否则怎地不作声,angry
过儿，你服了这颗药。难道连我的话你也不听了,angry
过儿，你叫他们出去罢，我不喜欢他们在这里。,angry
你们来做甚么,angry
我妈妈甚么地方对你不起了你幼时无家可归，不是我妈收留你的么她给你吃，给你着，你，哼，你到头未反而忘恩负义，抢我的妹子。,angry
不错，我今日正要忘恩负义。你说我抢这孩子，我便抢了永远不还，瞧你拿我怎么,angry
李莫愁,neutral
我死后必成厉鬼，要害死杨过，害死小龙女，害死武三通，害死黄蓉,angry
我死到临头，他还要来讥嘲羞辱我一番。,angry
小心了,happy
龙儿，这姑娘害了我不够，又来害你，今日终于遭到如此报应。,sad
好咱们命苦，人家命好,angry
这地方烧得干干净净，待花草树木再长，将来不知又是怎生一副光景,sad
杨兄弟，我师叔和朱师弟被困绝情谷，你去不去救他们啊,fear
咱们得去找些吃的，孩子又冷又饿，只怕支持不住。,fear
瞧这天怕要下大雪，得找家人家借宿才好。,neutral
武三叔、郭姑娘她们不知会不会遇上蒙古兵全真教的道士们不知能否逃得性命,neutral
其实啊，我为你担心难过，苦中是有甜的。最怕的是你不要我关怀你。,sad
过儿，你说我师姊到哪里去了,surprise
好啦，咱们便在这儿住一晚。,neutral
外边有人，你到里面床上睡着，假装生病。,neutral
山中遇上这场大雪，当真苦恼，还请官人行个方便，让叫化子借宿一宵。,sad
大姐儿他妈，咳得好些了吗,angry
这胖化子恁地面熟，似在甚么地方见过。,neutral
终南山上大火烧通了天，想是已经得手。,neutral
原来两个家伙都是卖国贼，这就尽快除了，免得在这里打扰。,angry
做官我倒不想。只是你答应了的摄魂大法，到底几时才传我啊,sad
彭长老，你答应了的东西，迟早总得给。你老是推搪，好教人心灰意懒。,angry
这两个奸徒要自相残杀，倒省了我一番手脚。那胖化于厉害得多，那瘦的决不是他的对手。,neutral
那瘦老儿回来想偷袭。,neutral
嘻,neutral
别怕，别怕。,fear
这精瘦干枯的瘦老头儿，片刻之间便变得又肥又白。,neutral
两位大和尚进来罢，谁还带着屋子走道呢,angry
瞧这两个老和尚也非寻常之辈，尤其那黑衣僧相貌凶恶，眼发异光，只怕和这彭长老是一路。,neutral
这白眉老和尚神情慈和，举止安详，当真似个有道高僧，可是世上面善心恶之辈正多，这彭长老何尝不是笑容可掬，和蔼得很那黑衣僧的眼色却又如何这般凶恶,angry
又要发作么,fear
不应作而作，应作而不作，悔恼火所烧，证觉自此始,neutral
郭伯伯给我取名一个过字，表字改之，说是知过能改，善莫大焉的意思。难道这位老和尚是圣僧，今日是来点化我吗,happy
你心中充满僧恨，虽知过去行为差失，只因少了仁爱，总是恶念难除。我说个佛说鹿母经的故事给你听听。,angry
生死多畏惧，命危于晨露,fear
下得好大的雪啊，是不是,surprise
啊,neutral
你们瞧甚么今日一不做，二不休，老子要大开杀戒了。,angry
哇,neutral
要胜过自己的任性，要克制自己的妄念，确比胜过强敌难得多。这位高僧的话真是至理名言。,happy
你是谁干甚么,angry
尊师好言相劝，大师何以执迷不悟不听金石良言，已是不该，反而以怨报德，竟向尊师猛下毒手。如此为人，岂非禽兽不如,angry
那二人是丐帮叛徒，意图引狼入室，将我大汉河山出卖于异族。大师杀此二人，实是莫大功德。这二人不死，不知有多少善男善女家破人亡。我佛虽然慈悲，但遇到邪魔外道，不也要大显神通将之驱灭么,neutral
小畜生，你胡说八道些甚么,angry
难道这少年便也如此丧命瞧来他武功不错啊唉，我怎不及时救他性命,sad
好，你我今日便较量较量。,neutral
死,neutral
如此少年英杰，实在难得。,happy
弟子杨过参见大师。,neutral
我师徒便是为此而去绝情谷。你可知这慈恩和尚，和那绝情谷的女谷主有何渊源,neutral
铁掌帮的裘帮主,neutral
一灯大师武功决不在他弟子之下，始终不肯还手，定有深意。我这出手，只怕反而坏了事。,neutral
小娘子如何毒入内脏,neutral
她如何打通关脉内息怎生运转,neutral
有救,neutral
这一对少年夫妇实是人间龙凤，男的武功如此了得，女的修悟生死，更是不易。我生平所遇，只有郭靖、黄蓉夫妇，方能和他们比肩，我那些弟子无一能及。唉，只是她中毒既深，我受伤后又使不出一阳指神功。,sad
小夫人剧毒透入重关，老衲倘若身未受伤，可用一阳指功夫助她体内毒质暂不发作。然后寻觅灵药解毒。如今嘛好在小夫人幼功所积颇厚，老衲这里有药一颗，服后保得七日平安。咱们到绝情谷去找到我师弟,neutral
龙儿能否治愈，尚在未定之天，你却不说一句安慰的言语。,sad
世上鸡先有呢，还是蛋先有,angry
大师，你伤势怎样,neutral
铁掌水上飘,neutral
小居士内力如此深厚，真是难得。师承是谁，能见告么,happy
尊夫人可不及你啊,neutral
你可服了甚么增长内力的丹药或者是成形的人参、千年以上的灵芝,neutral
咦，怎地有三个人,surprise
过儿，这位大和尚轻功极好，我比他不过，你追上去试试。,neutral
再奔半个时辰，他脚步便会慢下来。,neutral
难道我大限已到，连一个小姑娘也比不过了,sad
周老前辈，多谢你啊。,happy
段皇爷,neutral
大师还暂且休息，保养身子为要。此去绝情谷已不在远，晚辈夫妇随慈恩大师赶去谷中，好歹也要救神僧和朱大叔出来。,neutral
咱们是否要报明身份，让令妹出来迎接大师,neutral
主母请杨相公办的事，大功已成么,happy
林中何人相斗,neutral
这两位大和尚是谁各位和林中四个女子可是一路么,neutral
情花拗,neutral
是她们表姊妹俩,neutral
她们四人好端端的，怎会闯到这圆圈中去打架,surprise
凭你们的武功，怎能将李莫愁逼入情花拗中啊，是了，定是使出带刀渔网阵绝恶的法门。倘若程陆二女再中情花之毒，世上已无药可救。,neutral
凌波，你再不出全力，自己的小命要送在这儿了。,fear
冷月窥人,neutral
又来了,neutral
凌波，踏在她二人身上,neutral
你你不用救我，谁教你这样,angry
傻蛋，你你的右臂呢怎么断了,angry
是了。我早该想到，这样仙女般的人物。,surprise
早就好了。是给人斩断的。,sad
师姊,neutral
龙儿，把这女孩儿还给她母亲罢。,angry
郭姑娘，你妹子安好无意，我可没拿她去换救命解药。,angry
这是你师姊的小女儿吗但愿她长大以后，别耍横蛮刁恶才好。,surprise
师姊，师姊,neutral
你背师杀徒，还提甚么师门之情,angry
看暗器,neutral
谷主请问各位，大驾光临，有何指教,neutral
家母请众位赴大厅奉茶。,neutral
你还没死么,angry
裘老前辈，你仔细瞧瞧，我给你带了谁来啦你见了定是欢喜不尽。,happy
裘老前辈，这事暂且不说，你先瞧瞧还有谁来了,neutral
女儿,neutral
我料得她必有毒辣手段，但万万想不到她身不动、足不抬、手不扬、头不晃，竟会无影无踪的蓦地射出如此狠辣暗器。,surprise
你今日再中情花之毒，刻下纵然未发，决计挨不过三日。世上仅有半枚丹药能救你性命，难道你不信么,sad
裘老前辈，晚辈可没得罪你甚么，若蒙赐予丹药，终身永感大德。,happy
杨大哥，小妹以前全都想错了，请你见谅。,happy
你出言认错，最是容易不过，却不知我和龙儿为你受了多大的苦楚。,sad
杨过，你这般无情无义，算我瞎了眼睛。,angry
公孙姑娘,neutral
我恨不得将你一劈两半，剖出你的心来瞧瞧,angry
快快给我回去，我便不来伤你，谅你这点雕虫小技，能难为得我了,sad
她假意恼恨杨过，好叫母亲不防，便可俟机盗药。想不到杨过这小子到处惹下相思，竟令这许多美貌姑娘为他颠倒。,neutral
过儿，她假意恼你，是不是叫她母亲不防，以便偷盗丹药,neutral
这姑娘的话中藏着哑谜儿，甚么一劈两半，剖出心来瞧瞧，原来是这个意思。,neutral
半枚丹药母亲收藏极密，务当设法盗出相赠，天竺僧及朱前辈囚于火浣室中。,neutral
你在这里等着，我进去瞧瞧，里面煤炭灰土，定然脏得紧。,neutral
甚么,neutral
朱大叔，你好,happy
有朋自远方来，不亦说乎,happy
快开室门，放他们出来。,neutral
让开了,angry
杨兄弟，恭贺你武功大进,happy
找些冷水给大师脸上泼一泼。,angry
佛言我不入地狱，谁入地狱大师为救世人，不惜于冒大难，实令人钦仰无已。,happy
正是。不知他老人家何时能够醒转,sad
尊师一灯大师也到了。,neutral
慈恩师兄来了，那岂不是好他兄妹相见，裘谷主总不能不念这份情谊。,happy
郭夫人驾临谷中，那是最好不过，她权谋机智，天下无双，况且有我师主持大局，杨兄弟你武功又精进若斯，必无他变。我倒是担心师叔的身子。,happy
情之为物，有时固然极美，有时却也极丑，便如你师姊一般。春花早谢，尖刺却仍能制人死命。,neutral
傻蛋到哪儿去了,angry
表妹，咱们找找杨大哥去。,neutral
不把你另一只脚也斩跛了，我不姓郭。,angry
杨过，杨大哥，快来救了我妹子。,happy
杨过杨过是甚么人此时便算东邪、西毒、南帝、北丐、中神通一齐来此，也只能伤我裘千仞性命，却救不了这小女娃娃。,neutral
妈，怎么办,fear
公孙姑娘,neutral
是情花之毒发作了吗,neutral
你每次发作相距越来越近，更是一次比一次厉害。那神僧尚须一日方能醒转，便算他能配解药，也未必也未必你这番苦楚，可也难受得很啊。,sad
公孙姑娘自然是好。其实天下好女子难道少了那程英姑娘，陆无双姑娘，也是重情笃义之人。只是你我既然两心如一，怎容另有他念你再设身处地想想，若有一个男人能解你体内剧毒，却要你委身以事，你肯不肯啊,sad
傻蛋，是我,angry
你遍体鳞伤，我损却一目，都是因杨过这小贼而起，咱俩不但敌忾同仇，也是同病相怜。,sad
啊,neutral
裘谷主，令兄是自行失足摔下深谷而死，绝非小妹所伤。但若你对此事始终耿耿，小妹不避不让，任你连打三枚枣核钉如何只是打过之后，小妹不论死活，你却须赐赠解药，以救杨过之伤。小妹倘若死了，这里许多朋友决不记恨，仍然助你解脱大祸，以退内敌。你这项买卖做是不做,neutral
你的对头不久便要发难动手，小妹自己何尝不是身处险地咱们快快揭过了这场过节，小妹不论死活，大伙儿便可并肩应敌。再者杨过于我有恩，我便送了性命，也要求得绝情丹给他。人生在世，有恩不报，岂不与禽兽无异,happy
有恩不报，岂不与禽兽无异,angry
裘谷主，小妹受了你这三钉，命不久长，盼你依言赐药。,sad
砖下有两瓶,neutral
杨大哥,neutral
傻蛋,angry
啊,neutral
他们随口说笑，原无他意，我这么一提，反而着了痕迹。,neutral
毒质侵入了脏腑，非寻常解药可治。,neutral
我便打不过，难道还跑不了么,angry
公孙姑娘，我有言请问。,neutral
我舍命为你取丹之事，决不能让你知晓。过了几年，你子孙满堂，自早把我这苦命女子忘了，又何必为了此事，使你终生耿耿于怀,sad
表妹，你怎地,surprise
这公孙老儿不知你武功如此了得。,surprise
咱们万事须得有个了断，别忙便走,angry
他为了我，宁可不要解药我死也瞑目了。,sad
啊哟,surprise
五网齐上他一剑难破五网,neutral
李莫愁的武功未必不及朱伯伯。何以对他如此惧怕那天竺僧呢,neutral
这情花之毒虽甚厉害，却比我所设想的为轻，该当有法可解。,neutral
李道友到这边来,happy
龙家妹子，截住公孙止，绝情丹在他身上。,neutral
由得他去罢,angry
倘若他一个失足，跌入了下面万丈深谷，这人死不足惜，那半枚绝情丹却要随之而逝了。,sad
我去揪他过来。,neutral
龙儿回来，半枚丹药救不得你我二人之命，要来何用,sad
我要亲自见到杨过这小子毒发呻吟而死，要见他痛得在地下翻来翻去的打滚，要见你这位贤德妻子，终于成为个披麻带孝的俏寡妇。,sad
还不退去,angry
过儿，你和我同时向公孙止说话，你用言语恐吓，我却引他高兴，叫他分心。,neutral
你们胡言乱语叫嚷些甚么,angry
过儿，这药不假罢,neutral
你觉得怎样,neutral
龙儿，龙儿。,neutral
师姊，你生平行事如此，今日总该后悔了罢,sad
各位枉自称作侠义中人，嘿嘿，今日竟如此倚多为胜，仗势欺人小师妹，我是古墓派弟子，不能死在旁人手下，你上来动手罢,angry
暂缓杀她，抢救师叔的遗体要紧。,fear
啊,neutral
是裘千尺她怎地到了那边山顶上去,surprise
过去瞧瞧。,neutral
杨大哥，你不可拂逆众人一片好心。咱们都过去罢,angry
报应，报应,angry
龙家妹妹，你过来，我有几句话跟你说。,neutral
有一件事我不明白，要向妹妹请教。你辛辛苦苦的夺得了绝情丹，过儿却不肯服，竟投入了万丈深渊之中，那是甚么缘故,surprise
服这毒草自是干冒大险，但反正已然无药可救，咱们死里求生，务当一试。据我细想，十成中倒有九成生效。,neutral
今儿见了许多惨事，可是咱们自己的日子也不多了。过儿，旁人的事儿，咱们一概不提，你陪我走走。,sad
瞧你逃到哪儿去,angry
问世间，情是何物,sad
你说人死之后，真要去阴世，真是有个阎罗王么,angry
幽冥之事，究属渺茫，能够不死，总是不死的好。过儿，你瞧这朵花儿多好看。,happy
你还记得那日拜我为师的情景么,happy
何必为了一餐，舍却如此美景,happy
龙儿，你冷吗,neutral
龙儿，龙儿,happy
她必是自行离去，我才一无所知。但为甚么要走此事定与郭夫人日间跟她所说的话有关。当日她悄然远行，终于到这绝情谷来，也便因郭夫人一番说话而起。,neutral
我要她劝你服那断肠草，或可解你体内情花之毒。,neutral
原来过儿不肯服那绝情丹，是为了妻子性命难保，是以不愿独生。那么龙姑娘去了哪里呢,neutral
我只劝她救你性命，决没劝她自尽，你若不信，也只由得你。,angry
我下去瞧。,neutral
杨大哥，我下去。你信得过我么,neutral
倘若小龙女真的死在下面，杨过定要跃下洞去，须得及时拉住了他。,neutral
我若要寻死，自会悄悄的自求了断，难道会在这儿跟你们拉拉扯扯，效那愚夫愚妇所为么,angry
龙儿，龙儿,happy
杨大哥，你在那边干么啊,angry
她约我十六年后在此重会，那么她到哪里去了呢她身中剧毒，难以痊可，十天半月都未必挨得到，怎能有十六年之约她明明知道我已将绝情丹摔去，又怎能期我于十六年之后,sad
师妹，他似乎还肯听你话。,happy
谁也不许过来,angry
这朵红花，是杨大嫂留下的么,neutral
过儿，大喜，大喜,happy
是啊，这位神尼只怕已近百岁高龄。我爹爹说，每隔十六年，她老人家便来中土一行，恶人撞到了她那是前世不修。好人遇到了，她老人家必有慈悲。龙家妹子这等美艳如仙的人物，她老人家定是十分欢喜，将她收作徒儿，带到南海去了。,happy
不，郭伯母，那倒不是的。,neutral
南海神尼,neutral
郭伯母，那我便到南海去找她，但不知神尼她老人家驻锡何处,neutral
郭伯母，你这番话到底是真是假,neutral
那字迹没错。她写我这杨字，右边那日字下总是少写一画，这不是别人假冒的。,surprise
好，我便服这断肠草试试，倘若无效，十六年后，请郭伯母告知我那苦命的妻子罢,sad
少海,neutral
手少阳心经,neutral
断肠,neutral
啊,neutral
你身上的毒质都解去了吗,neutral
杨大哥只想念杨大嫂，她才不会想念你呢。,neutral
这件事阴差阳错，郭姑娘也不是有意害人。无双妹子，此事今后不用再提了。,neutral
杨少侠服断肠草而身子不损，看来这草确有解毒之效，但为求万全，不宜连续服食，等七日之后，再服第二次。那时你仍须自点这四处穴道护住心脉，所服药草，份量也须酌减。,neutral
咱们离襄阳已久，不知军情如何，我心下甚是牵挂，今日便要回去。过儿，你也一起去襄阳罢，郭伯父想念你得紧呢。,sad
陆无双，你在这里陪伴杨大哥么,happy
两位妹妹，我有一个念头，说出来请勿见怪。,neutral
人家结拜时撮土为香，咱三人别开生面，插草为香。,neutral
二妹、三妹。天下最可恶之物，莫过于这情花花树，倘若树种传出谷去，流毒无穷。咱们发个愿心，把它尽数毁了，你说可好,angry
这两个义妹如此待我，生乎有这样一个红颜知己，已可无憾，何况两个只是我却无以为报。,sad
你先把口诀记熟，练功之时可请二妹助你。这谷中无外人到来，正是练功的绝妙所在。,neutral
暂且作别，当图后会。兄妹之情，皎如日月。,happy
他他终于去了。,sad
冬日并无山洪，雪中练剑也是个绝妙法门。,neutral
那日在悬崖之上，雕兄挥翅与我搏击，令我剑术大进，今日又在和我练剑了。,happy
要以木剑和你的惊人神力相抗，只有侧避闪跃，乘隙还击。,neutral
我若练不成木剑，如何对得住雕兄一番美意而这番旷世难逢的奇缘，又怎能任他白白错过,sad
雕兄，我欲去绝情谷一行，今日和你暂别。,sad
雕兄寿高通灵，莫非它引我到南海去和龙儿相会么,neutral
这木剑脆薄无力，竟能断树，自是凭借了我手上劲力，将来树断而剑不断，那便可差近独孤前辈当年的神技了。,surprise
以此剑术，天下复有谁能与抗手无怪独孤前辈自伤寂寞，埋剑穷谷。,neutral
英雄会上的人物不见得都是英雄，真正的大英雄大豪杰，却又未必肯去。,neutral
神雕侠,neutral
罢了，罢了，连最后一丝逃生之望，也已断绝。,sad
不敢，正是在下。快喝住这些虎狼狮豹罢，再迟得片刻，假鬼只怕要变真鬼。,fear
西山一窟鬼和在下有约在先，你叫恶兽将他们咬死了，我跟谁说话去,angry
你既知我是神雕侠，怎地对我的说话不加理睬,angry
好雕兄，咱们下去,happy
啊,neutral
好功夫,happy
神雕侠，好功夫，史家兄弟服了罢,happy
若凭真实功夫，咱五兄弟齐上也不是他的对手。,neutral
甚么叫做不知好歹先吃我一杵再说。,angry
咱们较量较量，是谁力大,angry
史氏昆仲请恕无礼，只因在下和西山一窟鬼有约，迫得阻住双方动手。待在下这回事了结之后，你们再分高下，在下谁也不帮，袖手观斗。,neutral
尊驾可是姓樊，大号叫作一翁么,neutral
小人正是樊一翁，听从神雕大侠吩咐。,neutral
不敢各位既愿听从在下之言，那也不用退出山西境界。煞神鬼老兄，你放你那四个妾侍回家去罢,angry
那也不用。她们倘若愿走，你不得强留，如果愿意跟你，唉，那有甚么法子你说还要娶四个妾侍，这话当真,angry
好啦，我的事已经了结，你们双方动手便是。,neutral
好,happy
你们说来说去，怎地不求求神雕侠,angry
打伤我三弟的，是个蒙古王子，名叫霍都，听说是蒙古第一护国大师金轮法王的弟子。,neutral
神雕侠，请你去把这蒙古王子痛打一顿，为史三叔报了这个仇罢,neutral
是啊。想我们姓史的到晋南来是客，便再无札，也不能霸占晋南之地，此事当真是迫不得已。那九尾灵狐奔跑迅捷无伦，各位适才都是亲眼得见的。我们率领兽群，在林中围得密不通风，眼见灵狐便可成擒，不意各位在林中放起火来。野兽受惊乱窜，给灵狐逸了出去。说来惭愧，我们虽尽全力，终于追捕不得。那灵狐这一逃回巢穴，再要诱它出来可就千难万难了。我三弟的内伤日重一日，势难拖延，我兄弟忧心如焚，以致行事莽撞，言语中缺了礼数，还请各位担代则个。,sad
神雕侠，只要你肯赐予援手，便有法子。,happy
神雕大侠，舍弟命在旦夕，还望大侠垂怜。,happy
兄弟这便上黑龙潭去一趟，不论成与不成，再来宝庄拜候。,neutral
我此来是要见神雕侠，现下已经见到了。他虽容貌丑陋，但武功惊人，扶危济困，急人之急，果然当得起大侠两字，我此行可算不虚。,happy
喂，你等我一等啊,angry
为甚么哭是谁欺侮你了,angry
你是找这个么,neutral
你抢了我的手帕去，不是欺侮我么,angry
你姓甚么叫甚么名字尊师是谁为甚么跟着我,angry
你尊姓大名你先跟我说，我才跟你说。,angry
我且吓她一吓。,fear
你素不识我，怎知我不会害你,sad
你这样一个十几岁的小娃儿，能知道几个当世的人物,surprise
你说哪几位大英雄大豪杰,neutral
我说啦。有一位英雄，镇守襄阳，奋不顾身，力抗蒙古，保境安民。这算不算是大英雄,neutral
又有一位，率领丐帮，锄奸杀敌，为国为民，辛苦劳碌，他算不算是大英雄,happy
郭伯伯、郭夫人、黄岛主、鲁帮主这四人都是名扬天下的豪杰，这小姑娘说得出他们名头，原也不足为奇。,neutral
大英雄,happy
那你便带我去黑龙潭么,neutral
黑龙潭便在那边，过去已不在远。,neutral
雕兄勿恼何必和人家小姑娘一般见识,happy
树枝分量甚轻，尚自如此，这淤泥上怎能立足,sad
我且试试，不知成与不成,neutral
好本事，好功夫,happy
你身子前倾，脚下不可丝毫使力。,neutral
咦,neutral
是了你瞧见了甚么是九尾灵狐吗,surprise
你怎知道是谁教你的,angry
看来虽然有人堆柴布阵，却不住在此地，咱们过去瞧瞧。,neutral
说来平平无奇，原来潭中有个小岛。,surprise
神雕侠，再快一点儿小灵狐，你终于逃不了，不如投降了罢,neutral
小畜生，难道我便亲何你不得。,angry
小狐狸，我若用雪团打你，你死了也不心服。大丈夫光明正大，我若追你不上，那便饶你性命。,happy
糟糕，我袖子一卷之力使得太大，这小东西原来如此脆弱，但不知死狐狸的血是否能够治得史老三的内伤,sad
今日居然输给了一只小畜生，看来这对小狐还是这老婆婆养的。这人不知是谁，江湖上可没听人说起有这么一号人物。若是要那小狐，只怕尚有周折。,surprise
在下有一位朋友受了内伤，须九尾灵狐之血方能医治，伏望老前辈开恩赐予，救人一命，在下和敝友同感大德。,happy
哈哈，哈哈，嘿嘿,happy
我们昧然来此求这灵狐，原是不该，常言道无功不受禄，老前辈若有所命，只教在下力之所及，自当遵办。,neutral
这地方都是烂泥枯柴，有甚么好玩我才不爱在这儿呢。你若嫌寂寞无聊，便请到我家去，住十年也好，二十年也好，我爹爹妈妈定对老前辈款以上宾之礼，岂不是好,happy
前辈对这小妹妹赐垂青目，原是她难求的机缘，但她未得父母允可，自己未便作主那老妇厉声道：“她父母是谁你是她甚么人,neutral
倘若我真有这么一位大哥哥，他定会处处照顾我、帮着我，决不像姊姊那样，成日价便是啰唆骂人，这个不对，那个不许的。,happy
说话乱拍马屁，又有何用你们如此追逐击打我的灵狐，是尊重前辈之道么快快给我滚了出去，永远休得再来滋扰,angry
你你可有受伤么,sad
寒阴箭,neutral
寒阴箭,neutral
老前辈僻处荒地，或不知世间武学多端，诸家修为，各有所长。,neutral
老僧一灯千里来此，但求瑛姑赐予一面。,neutral
大哥哥，这位一灯大师是个了不起的人物，咱们去见见他可好,happy
大哥哥，那一灯大师是在哪里啊,surprise
一灯大师在东北角上，离这里尚有数里，他说话似近实远，使的是千里传音之术。,neutral
主平所见人物，不论男女，说到聪明机变，再无一人及得上郭伯母，难道她竟是郭伯母的女儿么,surprise
一灯大师望重武林，数十年之前便已和桃花岛主齐名，是当年五大高人中的南帝，我如何能及得上他老人家,neutral
到得明年，或者我会去拜见郭大侠夫妇，但须得等我见到我妻子之后，那时我夫妻俩同去。,neutral
世上再没一人能有她这么美了，嗯，说到武功，此时一定也已胜过我许多。,happy
弟子杨过，叩见大师。,neutral
弟子杨过,neutral
慈恩大师怎么了,sad
慈恩大师这等武功，不知如何竟会遭人毒手,angry
你怎知是金轮法王，一灯大师又没说是他,angry
人孰无过，既知自悔，前事便当一笔勾销。这位瑛姑，胸襟也未免太放不开了。,happy
我和慈恩二人此来是为求瑛姑宽恕，自是万万不能用强。但苦苦哀求多日，她始终不肯见面，瞧来再求下去也是枉然。杨过若有别法，试一试也好，就算无效，也不过不见面而已。,sad
弟子班门弄斧，要教大师见笑了。,angry
别叫了，我受不住了啦,fear
世间除了段皇爷之外，竟然尚有人内功这等高深。此人虽然面目难辨，但头发乌黑，最多也不过三十余岁年纪，怎能有如此之功力先前他受我三掌不伤，已令人惊奇，这啸声却直是可怖可畏。,surprise
灵狐便给你，老婆子算是服了你，快快给我走罢。,neutral
瑛姑前辈，你们相互间的恩恩怨怨，我亦不大了然。只是前辈说话行事未免太绝，杨过不才，此事却要管上一管。,neutral
他说的是老顽童周怕通周师兄。,neutral
是老顽童么他和我也很说得来，我去找他来见你便是。,neutral
那老顽童在甚么地方晚辈尽力设法邀他前来便是。,neutral
养蜂为乐,neutral
那位一灯大师武学深湛，人又慈和，你留在此处，向他讨教一些功夫，只要他稍加指点，你便终身受用不尽。,neutral
我若真有这么一个小妹妹为伴，浪荡江湖，却也减少几分寂寞。,happy
若是你不拉着，我也能跑得这么快，那才好呢。,happy
雕兄愿意负你一阵，你谢谢它罢,happy
老顽童好会享福，竟选了如此奇妙的所在。大哥哥，你说此处怎么会这生好法,happy
老顽童，小兄弟杨过，携同小朋友来找你玩儿啦,happy
杨兄弟，怎地到今日才来找我啊哈，你戴这鬼脸吓谁啊,surprise
杨兄弟，好功夫，好功夫只怕已经胜过老顽童当年年轻之时。,happy
周老爷子，你现下的功夫强呢，还是年轻时强,surprise
我倒试试你这只扁毛畜生有多大能耐,angry
这位雕兄不知已有几百岁，它年纪可比你老得多呢喂，老顽童，你怎地返老还童，雪白的头发反而变黑了,surprise
周兄，只要你去见了一人。我保你不会越变越小。,happy
世间我有两个人不见。,sad
难道他二人大祸临头，命在旦夕，你也不肯伸手相救么,sad
老实跟你说了罢瑛姑思念你得紧，无论如何要你去跟她一会。,neutral
周老兄，你想逐我出这百花谷，却也不那么容易。,angry
看拳,neutral
空明拳,neutral
玉女素心剑法,neutral
原来他这手臂是给女人砍断的。,surprise
这要教你败而无怨。,happy
独臂,neutral
大哥哥，都是我不好,angry
空明拳,neutral
黯然销魂掌,sad
你这是甚么武功,angry
这是黯然销魂掌中的第十三招，叫作心惊肉跳,fear
好这是甚么名目,neutral
无中生有,surprise
无中生有,surprise
是中央戊土之象，轻灵沉猛，兼而有之，当下不敢怠慢，左手使“空明拳,neutral
自练成这黯然销魂掌以来，所遇强敌当以此翁为最，若要胜他，委实不易。倘欲真分胜负，非以内力比拼不可，那时若不是一死一伤，便如洪七公与我义父比武那般，闹个同归于尽，却又何苦,neutral
且慢，且慢你说这套甚么销魂掌共有一十七路，尚有十三路未施啊怎地便走了,angry
不对，不对你没输，我也没赢，你要出这百花谷，除非把一十七路掌法使全了。,neutral
你要学我这掌法，丝毫不难。我也不用你教武功，只是你学了之后，须得随我走一遭，去见一见那位瑛姑。,neutral
好兄弟，你便施展下一招罢,happy
黯然销魂掌,sad
罢了，罢了我向你磕八个响头，拜你为师，你总肯教我了罢杨过师父，弟子周伯通磕头,angry
周兄你请听了。那黯然销魂掌余下的一十三招是：徘徊空谷，力不从心，行尸走肉。倒行逆施,neutral
想那面无人色这一招，如何用以克敌制胜,neutral
那么倒行逆施呢,angry
那是源自西毒欧阳锋的武功了。,neutral
那是甚么,neutral
这小姑娘不拘于世俗礼法之见，出言深获我心。,happy
一灯大师所以出家，是为了对你不起，不是你对他不起，难道你不知道么,sad
甚么我的儿子,angry
这位老前辈是性情中人，正是我辈，我又何惜那一十七招黯然销魂掌,happy
周老前辈，十五年前，内子和我分手，晚辈相思良苦，心有所感，方有这套掌法之创。老前辈无牵无挂，快乐逍遥，自是无法领悟其中忧心如焚的滋味。,sad
我只盼望能再见她一面，便是要我身受千刀万剐之苦，也是心甘情愿。,happy
老天爷保佑，你终能再和她相见。,happy
周兄，告辞了,happy
周老前辈，我大哥哥这般思念他的夫人，你的瑛姑自亦这般思念于你。你始终不肯和她相见，于心何忍,sad
大哥哥，我若问起你夫人的事，你不会伤心罢,neutral
你怎么跟她识得的,neutral
但愿老天爷保佑，你终能和她相会，从此不再分离。,happy
我每年生日，妈妈和我烧香拜天，妈妈总是叫我暗中说三个心愿，我常常想了半天，也想不出来。到今年生日时，我可就早想好了，我会盼望大哥哥和他夫人早早团聚。,happy
杨兄弟，等我一等,happy
你们走后，我想着杨兄弟的话，越想越是牵肚挂肠。倘若不上见她，以后的日子别想再睡得着，这句话作要亲口问她个清楚不可。,sad
多谢两位。,happy
慈恩，慈恩，你我名虽师徒，实乃良友，相交二十余年，攻过切磋，无日或离，今日你往生极乐，老钠既喜且悲。,happy
杨公子，大德深重，老妇人愧无以报，这两只畜生便请持去罢。,happy
能保得灵狐性命，那是再好不过。,happy
其时若无俗事牵绊，自当来向三位前辈请聆教益。,neutral
姊姊,neutral
大哥哥，我姊姊找我来啦，我得走了。,sad
原来她便是那个小婴儿，却长得这么大了。她深夜前来寻我，必有要事，怎地一句不说便去了瞧她满怀心事，我可不能不管。,surprise
没有啊，我没为难之事。,neutral
我姊姊便是欺侮我，我也不怕。她骂我，我便跟她斗嘴，反正她也不敢打我。,neutral
大哥哥，我得走啦我托你一件事。,sad
你爸爸妈妈安好罢,happy
到那时再说罢小妹子，你我相会之事，最好别跟你姊姊说,neutral
小妹子，你爹爹妈妈是当代大侠，人人都十分敬重，你有甚么事，自也不用我来效劳。但世事多变，祸福难言。你若有不愿跟爹妈说的缓急之情，要甚么帮手，尽管带个讯来，我自会给你办得妥妥贴贴。,neutral
是啊，你怎知道,surprise
十六年前，十月廿四，在襄阳大战金轮法王，龙儿抱着那孩儿,neutral
十月廿四，十月廿四，真快，快十六年了。,sad
大哥哥，将来若是我向你也求三件事；你肯不肯答应,neutral
这件事未免太过轻而易举，我因不愿多见旧人，是以戴上面具。,neutral
怎么,neutral
我要说第二个心愿啦。,happy
你再过几年说也还不迟，小姑娘家，尽说些孩子气的心愿。,angry
我这第二个心愿是，今年十月廿四我生日那天，你到襄阳来见一见我，跟我说一会子话。,happy
这第三个心愿嘛,happy
大哥哥,happy
那小姑娘人这么好，她姊姊便这么强横。我五弟明明容让，她又不是不知道，居然还下毒手，这一剑要是再刺下去两寸，五弟还活得成么,surprise
微天之幸，史五哥的伤势还不甚重。这女子行事向来莽撞，我这条右臂，便是给她一剑斩去的。,happy
别怕，用暗器打他,neutral
没有啊，没说到谁。,surprise
眼前之事可不是闹着玩的，你听到见到过甚么，全说给我知道。,neutral
但是，他，他为甚么要给襄儿花这么大的力气,angry
杨过是报仇来啦,happy
可是有一点不对了今日是襄儿生日。十六年前，襄儿出世之后，又过数月，杨过才在绝情谷中与小龙女分手。按理椎想，他便是要报仇，也得等足十六年，过了与小龙女约会之期再说。这十六年之约虽然渺茫，但那留言明明是她亲手所书，谁又能知道他夫妻俩终究不得相会难道我爹爹难道南海神尼,sad
襄儿连大校场上的比武也不要看，定是和杨过暗中约上了。,neutral
我第三个心愿，盼望神雕大侠杨过,happy
啊哟，不妙杨过这厮用心更加深了一层，她越是跟襄儿说不忘旧情，襄儿越会觉得他是个深情可敬之人，对他更为倾心。不错，不错，当年靖哥哥倘若见了我之后便将华筝公主抛诸脑后，半点也不念昔日恩义，我反要怪他薄幸了。,angry
杨过公然要到大校场来，事先又作了周密布置，待会定要大闹一场。,neutral
不好：杨过自称神雕大侠，这只穷凶恶极的大鸟，必定便是甚么神雕了。神雕既来，杨过也必就在左近，他倘苦来抢帮主他倘若来抢帮主,neutral
杨过此刻不至，时机已失待齐哥一接任帮主，他便再要来捣乱，也已来不及了。,neutral
终于来了,happy
神雕侠,neutral
你猜这神雕侠是谁,neutral
这一次我可猜不中了。,surprise
这流星传讯，取法于烽火报警，顷刻之间，便可一个接一个的传出数百里之遥，只不知杨过安排下了甚么。他这第二件礼物，决不只是放几个烟花博我襄儿一粲便算。,neutral
大军未发，粮草先行,neutral
好哇杨过这厮恨我斩他的手臂，故意削我面子来着,angry
倘若他真是霍都，这西藏和尚是他师兄啊，难道便认他不出，却跟他这般狠打,surprise
杨过以一柄玄铁剑压住了达尔巴、霍都二人,neutral
杨过这孩子也真了得，他居然能洞悉霍都的奸谋，既将打狗棒夺回，又揭穿了霍都的真面目，送给郭二小姐的这件礼物，可不算小啊。,happy
杨杨大哥既然早知何师我便是霍都，应当早就说了出来，不该让这何师我来打伤齐哥。,neutral
杨过小友，咱们一起下去罢,happy
侄儿杨过，向郭伯伯、郭伯母磕头。,neutral
外公。幸好你老人家的弹指神通功夫，免得我受那奸人双掌的一击。,happy
你费神给我备了三件大礼，当真当真辛苦你啦。,happy
爹爹，你和过儿约好了躲在这旗斗中么,neutral
他为襄阳城立此大功，又夺回打狗棒，揭破霍都的奸谋，鲁帮主大仇得报，若肯为本帮之主，真是再好也没有了。,happy
耶律大爷文武双全，英明仁义，是我昔年的知交好友，由他出任贵帮帮主，定能继承洪、黄、鲁三位帮主的大业。,neutral
杨过小友，我也走啦,sad
爹爹，过儿，且相聚几日再去,happy
襄儿，怎么啦今天不快活么,sad
还好，妈，你一夜没睡，该休息了。,happy
这事须得打从他祖父说起。,neutral
大哥哥,happy
甚么那怎么会杨大哥亲口跟我说，杨大嫂因为身受重伤，得蒙南海神尼救去医治，约好了十六年后相会，他夫妻俩情深爱重，互相等了这么久，怎能见不着,surprise
妈，倘若我是杨大嫂，我便假装身子好了，让他服食丹药治病，,neutral
那日在绝情谷中，断肠崖前，我见了杨过这般凄苦模样，心有不忍，只得捏造了一个南海神尼来安慰他，好教他平平安安的等过这一十六年。我说南海神尼住在大智岛，实则世上就没这一个岛。我又说南海神尼教过你外公的掌法，好令他更加坚信不疑。杨过这孩儿聪明绝顶，我若非说得活龙活现，他怎能相信他若是不信，小龙女这番苦心，也就没有着落了。,sad
不，不说不定小龙女仍在人世，到了相约之日，她果真来和杨过相聚，那自是谢天谢地。她是古墓派的唯一传人，古墓派的创派祖师林朝英学问渊博，内功外功俱臻化境，倘若遗下神奇功夫，令小龙女得保不死，也是在情理之中。,happy
襄儿，妈这全是为你好，你如不听妈的话，将来后悔可来不及了。,happy
神雕大侠,neutral
这女孩儿恁地天真杨过是何等样人，这世上除了小龙女之外，他还能听谁的劝要是他肯听旁人的言语，那也不是杨过了。,happy
大哥哥给了我三枚金针，答允给我做到三件事。眼下金针还剩一枚，正好持此相求，要他依我，千万不能自尽。他是豪侠之士，言出必践，我这便找他去。,neutral
啊，你要找的人姓杨名过，是不是,neutral
甚么珍珠，木马，叽哩咕噜的，名字这么长。,neutral
如此说来，郭大侠真是没死了。,sad
喂喂，大和尚，你这个人怎么如此不讲理啊,angry
三弟且慢,happy
龙象般若经,neutral
黄岛主，这十多年来，晚辈到处探访你老人家的所在，想请问你一件事，直到今日，方始如愿。,neutral
故人久违，今日有幸相逢，何以匆匆便去,sad
潇湘兄且请留步，既有恶客阻了清兴，待小弟赶走他便是。,neutral
我何不借此三人，向黄老前辈探问南海神尼之事,neutral
杨老弟，你新创的这路掌法可高明得紧啊，老夫意欲一睹全豹，以饱眼福。,happy
古人以汉书下酒，老夫今日以小兄弟的掌法下酒，豪情远追古人矣。,happy
老前辈请指点一招。,neutral
黯然销魂掌,sad
老弟这一路掌法，以力道的雄劲而论，当世唯小婿郭靖的降龙十八掌可以比拟。老夫的落英神剑掌便输却一筹了。,neutral
难道难道世上并无并无南海神尼其人,surprise
郭伯母说得明明白白，说龙儿蒙南海神尼所救，原来尽是骗人的鬼话，原来都是骗我的，都是骗我的,angry
老弟有何为难之事，不妨明示，说不定老夫可相助一臂之力。,neutral
嘉兴,neutral
不肖弟子杨康之墓,neutral
丘处机这老道忒也无情，我父既已死了，又何必再立碑以彰其过我父却又如柯不肖了哼，肖你这个牛鼻子老道有甚么好处我不到全真教去大杀一场，此恨难消。,angry
这四人是甚么路数何以如此相依为命，永不分开,surprise
柯老头没泄露咱们行踪，他如邀了帮手，定是先行埋伏在此。,neutral
原来他们在等候柯老公公。,neutral
今日不说个明白，谁都不能活着离去。,sad
你四人是谁何以这般奇形怪状的连在一起又何以与柯镇恶在此相约会面,surprise
你刚才可是去见程英、陆无双姊妹么却是为了何事,surprise
我爹爹到底做错了何事，你且说个明白。,angry
当晚经过，这几个都是亲眼目睹。沙通天、彭连虎，你两个且说说，柯老头这番话中可有一句虚言,angry
柯老公公，程陆两位可都安好么,happy
这两位义妹，我也有十六年没见了。,happy
杨大侠，我们四人无知。冒犯了柯老侠的虎威，望你两位大人不记小人之过。,angry
我来到嘉兴，是为了郭二姑娘。,happy
可得到甚么讯息,neutral
啊哟不知是真是假,surprise
柯老公公可曾听那两个蒙古使臣说起，郭二姑娘如何被擒可有性命危险,neutral
柯老公公，晚辈拜托你一件事，请你替先父立过一块墓碑，碑上便书：先父杨府君康之墓，不肖子杨过谨立几个字。,neutral
瞧来郭伯伯己将她救了回去，又或许那个蒙古使臣误听人言，传闻不实。,neutral
你本领再高，我也不能拜恶人为师。,angry
好羞，,happy
天下的英雄好汉，谁都这般说。前几日襄阳城中英雄大宴，个个都说世上便有三个金轮法王一齐动手，加起来三头六臂，也打不过一位独臂的神雕大侠杨过,neutral
杨过这小子若是在此，教他尝尝我龙象般若功的厉害，要他吃饱了苦头，才知当世究竟是他杨过了得，还是我金轮法王高明。,neutral
你明知我大哥哥不在这儿，自可胡吹大气。你有胆子去找他较量一下么你的蛇猪不若功,angry
龙象般若功,neutral
和尚和尚爱吹牛，自夸天下无敌手，望见杨过东边来，脚底加油朝西走。,happy
我虽不知杨过此时身在何方，但再过一个多月，他定要到一个处所，我却知道。,neutral
龙象般若功,neutral
我只愁你不肯去，既给我说动了，还怕甚么你这恶和尚这会儿狠天狠地，待你见了大哥哥，那时才有得你受的了。,angry
襄儿此去，是要劝杨过不可自寻短见，上次她在潼关、风陵渡左近与他相遇，这番看来又会重赴旧地，在风陵渡或可访到若干踪迹。,neutral
分心二用，双手互搏,neutral
杨过这孩子当真了不起，小则小郭襄，老则老顽童，人人都对他倾倒，不知那黯然销魂掌又是甚么门道,happy
大智岛南海神尼,neutral
杨郎，杨郎，你别伤心，别伤心,sad
龙象般若功,neutral
大哥哥，我来啦,happy
郭靖、杨过，你们都来了，合力擒他,happy
靖哥哥,happy
妈，他在下面在下面，快快去救他,fear
山谷虽深，计来长索也应已经垂到，待我下去瞧瞧。,neutral
周大哥，你捉只蜜蜂来瞧瞧，看翅上是否有字,neutral
襄儿怎会落入鞑子手里,neutral
郭夫人深入寒潭，冻得死去活来，查明杨过确系不在谷底，又何况小姑娘落入奸人之手，大伙儿都主张追赶，须怪郭夫人不得。,neutral
双雕若不给那奸僧害死，咱们阵法发动，双雕便可飞临高台，抢救襄儿下来，目下却无善策。这二十八宿大阵乃依五行生克变化，由五位高手主持。咱们东南北中四个方位都有人了，但老顽童身受重伤，少了西方一人。倘若杨过在此，此人武功不在昔年欧阳锋之下，此刻却哪里找他去这西方的主将，倒是大费踌躇。,neutral
小妹子，你怎么跌到了这里,surprise
你不怕死，我也不怕死。,happy
你从襄阳到这里来，便是为求我这件事么,neutral
小妹子，你先练两遍内功，免得寒气入体，日后生病。,neutral
我答允了,neutral
神堂穴,neutral
这法王如此可恶，咱们觅路上去，待 你大哥哥揍他个半死。,angry
啊,neutral
老天啊老天，你终须保佑我再见龙儿一面。,happy
倘若龙儿死了，也当在此处留下骸骨，除非是骨沉潭底。,neutral
过儿，甚么事不痛快了,neutral
龙儿，你容貌一点也没变，我却老了。,sad
十二少、十二多,neutral
龙儿，我好快活。,happy
少语、少笑、少喜、少乐,happy
龙儿，也真难为你在这里挨了一十六年。,sad
你为甚么想到一十六年倘若你定的是八年之约，咱们岂不是能早见八年,sad
你跃入这水潭之中，便又怎样,happy
那时你中了冰魄银针，剧毒浸入经脉，世上无药可治，却如何在这谷底居然好了,surprise
可见好心者必有好报，当年你若不是把玉蜂赠给老顽童，他不能带到绝情谷来，你的病也治不好。,happy
我忒也粗心。每次来绝情谷，总是见到玉蜂，却从没捉一只来瞧瞧，否则你也可少受几年苦楚了。,sad
龙儿，咱俩便在这谷底终老呢，还是设法回去那花花世界,neutral
啊，有人来找过咱们了，而且还潜入过水潭。,surprise
他们终是没忘记我。,sad
这叫作精诚所至，金石为开。,happy
十六年来虽无寸进，从前所学的功大多半还留着。,neutral
龙女花,neutral
你道我当真不敢烧死你吗,angry
大哥哥，这位就是小龙女么,happy
小妹子莫慌，我来救你。,happy
贼秃恁地了得,angry
一十六年来，我从未使过玄铁重剑，今日可当真忒也托大了。,happy
啊,neutral
大哥哥，你别管我，只须杀了这藏僧给我报仇。,angry
黯然销魂,sad
龙儿，别了，别了，你自己保重。,sad
好一招拖泥带水啊,angry
黯然销魂掌,sad
魂不守舍,sad
你在台下，担心受惊，更苦过我在台上恶战。,sad
巨奸虽毙，敌军未败，咱们再战。你累不累,angry
我来开路，一齐冲罢,happy
郭大姑娘，你向我磕三个响头，我便去救你丈夫出来。,neutral
是我的不是，我胡说八道，你别当真。耶律兄和我一见如故，焉有不救之理,angry
耶律兄，快向上跳,happy
杨兄弟，多谢你相救，只是我尚有部属被围，义不能独生，我要跟他们死在一起。,happy
杨大哥，我一生对你不住，但你大仁大义，以德报怨，救了,happy
为甚么我还在乎这些我是有夫之妇，齐哥又待我如此恩爱,sad
大哥哥，怎么是好怎么是好,angry
此生得与龙儿重会，老天爷实在待我至厚，今日便是死了，也已无憾。男几汉大丈夫为国战死沙场，正是最好的归宿。,happy
大伙儿一齐去,happy
飞云骓,neutral
飞云骓,neutral
长矛太重，难以及远，何不用石子,neutral
过儿，你今日立此大功，天下扬名固不待言，合城军民，无不重感恩德。,happy
郭伯伯，小侄幼时若非蒙你抚养教诲，焉能得有今日,sad
二十余年之前，郭伯伯也这般携着我的手，送我上终南山重阳宫去投师学艺。,happy
黄岛主是郭大侠的岳父，那也罢了。一灯老和尚貌不惊人，周老头子疯疯颠颠，怎能位居上座,neutral
此间大事已了，明日我想启程赴华山祭扫恩师之墓。,sad
老毒物啊老毒物，你生前作恶多端，死后骸骨仍得与老叫化为邻，也可算是三生有幸。今日人人都来拜祭老叫化，却只有两个娃娃向你叩头，你地下有知，想来也要懊悔活着之时心狠手辣了罢,sad
都给我请罢,angry
不对，不对,surprise
想小子年幼，岂敢和各位前辈比肩。,sad
啊哈，小兄弟，这个你可就不对了。你既然居了一个狂字，便狂一下又有何妨再说以你今日声名之盛、武功之强，难道还不胜过老顽童吗,happy
东邪、西狂、南僧、北侠，四个人都有了，中央那一位，该当由谁居之,neutral
咱们学的是玉女剑法，这玉女峰不可不游。,neutral
这是玉女的洗头盆，碧水终年不干。,neutral
难道这位女神便是咱们的师祖婆婆么,surprise
小妹子，你和咱们一起玩罢,happy
这个深潭据说直通黄河，是天下八大水府之一。唐时北方大旱，唐玄宗曾书下祷雨玉版，从这水府里投下去。,neutral
这孩子小小年纪，何以有这么多感慨须得怎生想个法儿教她欢悦喜乐。,happy
这两人鬼鬼祟祟，武功却大是不弱，这会儿到华山来必有缘故，咱们且躲了起来，瞧他们作何勾当。,neutral
若是我终身得能如此和大哥哥、龙姊姊相聚，此生再无他求。,happy
潇湘兄,neutral
这两人怕极了一个和尚，唯恐给他追上。这两个恶徒武功各有独到之处，方今除了黄岛主、一灯大师、郭伯伯等寥寥数位，极少有人是他们之敌，何况他二恶联手，更是厉害，不知那位高僧是谁，竟能令他们如此畏惧又不知他何以苦苦追踪，非擒到这二人不可,neutral
杨大哥、杨大嫂、二妹杨大哥、杨大嫂、二妹吃饭啦吃饭啦,happy
借书不还的两位朋友，请现身相见,sad
世上竟尚有这样一位高手，我却不知,surprise
大哥哥，你快叫他回来。,angry
有缘千里来相会，无缘对面不相逢,sad
啊,neutral
小子杨过，拜见大师。,neutral
小僧得识杨居士尊范，幸例如之。,happy
贵寺罗汉堂首座无色禅师豪爽豁达，与在下相交已十余年，堪称莫逆。六年之前，在下蒙贵寺方丈天鸣禅师之召，赴少室山宝刹礼佛，得与方丈及达摩院首座无相禅师等各位高僧相晤，受益非浅。其时大师想是不在寺中，以致无缘拜见。,happy
原来杨居士和天鸣师叔、无相师兄、无色师兄均是素识。小僧在藏经阁领一份闲职，三十年来未曾出过山门一步，只为职位低微，自来不敢和来寺居士贵客交接。,neutral
当真是天下之大，奇材异能之士所在都有，这位觉远大师身负绝世武功，深藏不露，在少林寺中恐亦没没无闻，否则无色和我如此交好，若知本寺有此等人物，定会和我说起。,surprise
小僧监管藏经阁，阁中片纸之失，小僧须领罪责，两位借去的经书便请赐还，实感大德。,happy
小僧且说此事经过，请各位评一评这个道理。,neutral
以你两位功夫，别说四名蒙古武士，便是四十名、四百名，又怎能将你们打倒君子可欺以方，觉远大师这番可上了你们的大当啦。,angry
这位觉远大师竟是如此迂腐不堪，世上少见，难怪他所监管的经书竟会给这两个恶徒盗去。,angry
这位小兄弟高姓大名,neutral
你二人帮着蒙古来侵我疆土，害我百姓，早已死有余辜。今日一灯大师和觉远大师两位高僧在此，我若出手毙了你们，两位高僧定觉不忍。我指点两条路，由你们自择，一条路是乖乖交出绎书，从此不许再履中土。另一条路是每人接我一掌，死活凭你们的运气。,angry
只须挨过了今日，自后练成武功，再来报仇雪耻。众人之中，只有觉远和尚最好说话，欲脱此难，只有着落在他身上。,neutral
不错，不错，尹居士此言有理。,happy
觉远大师，谅这两个奸徒决不会当真潜心佛学，这四卷楞伽经中，可有甚么特异之处,angry
他已学成了武学中上乘的功夫，原来自己居然并不知晓，还道只是强身健体、百病不生而已。如此奇事，武林中从所未有。我若非亲眼见他这般拘谨守礼，必说他故意装腔作势、深藏不露。难怪天鸣、无色、无相诸禅师和他同寺共居数十年，竟不知侪辈中有此异人。,surprise
我对周伯通、郭靖、杨过一干人虽然忌惮，但这些人都是武林中顶尖儿的高手，除了这寥寥数人而外，我实已可纵横当世，岂知这小小孩童也奈何他不得,neutral
他师徒想是修习九阳真经已久，是以功力深厚。但两人从没想到这部经书不但教人强身健体，还教人如何克敌制胜、护法伏魔，因之临敌打斗的诀窍，竟是半点不通。,surprise
小心了，我打你的头,happy
不搜你身，终不罢休,angry
你只挨打不还手，终是制他不住。我教你一招，你去打他，且瞧仔细了。,neutral
杨居士，求你再教我一招。,sad
我若再当面教招，那尹克西瞧在眼内，定有防备。这便无用。,neutral
第二招我左便左，我右便右，不用调了。,neutral
第三招鹿死谁手，却是前后对调，这一招最难，部位不可弄错。你不会认穴，那也无妨，待会我在他背心上做个记号，你用指节牢牢按在这记号之上，那便制住他了。,neutral
啊哟,surprise
推心置腹,happy
这位大师的说话深通拳术妙理，委实是非同小可，这几句话倒使我受益不浅。后发制人，先发者制于人之理，我以往只是模模糊糊的悟到，从没想得这般清楚。只是他徒弟和别人打架，他反而出言指点对方，也可算得是奇闻。,happy
弹指神通,neutral
鹿死谁手,neutral
第一招他左右方位互调，第二招忽然又不调了，这一招我不可鲁莽，且看明白了他拳势来处，再谋对策。,neutral
小心了,happy
适才我听这两个奸徒说话，那经书定是他们盗了去的，只不知藏在何处。,neutral
雕大哥，就饶了这猿儿罢。,angry
今番良晤，豪兴不浅，他日江湖相逢，再当杯酒言欢。咱们就此别过。,happy
神雕,neutral
采访聘买得十个小尼姑，小道姑都有了，连新作的二十分道袍也有了.外有一个带发修行的，本是苏州人氏，祖上也是读书仕宦之家.因生了这位姑娘自小多病，买了许多替身儿皆不用，到底这位姑娘亲自入了空门，方才好了，所以带发修行，今年才十八岁，法名妙玉.如今父母俱已亡故，身边只有两个老嬷嬷，一个小丫头伏侍.墨也极通，经也不用学了，摸样儿又极好.因听见`长安都有观音遗迹并贝叶遗，去岁随了师父上来，现在西门外牟尼院住着.他师父极精演先天神数，于去冬圆寂了.妙玉本欲扶灵回乡的，他师父临寂遗言，说他`衣食起居不宜回乡.在此静居，后来自然有你的结果.所以他竟未回乡。,neutral
"你怎么笑？你说我年轻，比你能大几岁，就作你的妈了？你还作春梦呢！你打听打听，这些人头比你大的大的，赶着我叫妈，我还不理.今儿抬举了你呢！""红玉笑道：“我不是笑这个，我笑奶奶认错了辈数了.我妈是奶奶的女儿，这会子又认我作女儿。",angry
"管家在那里？""底下站的小厮们见问，都一齐喝声说：“叫管家！""登时林之孝一整理着帽子跑了来，到贾珍跟前.贾珍道：“虽说这里地方大，今儿不承望来这么些人.你使的人，你就带了往你的那院里去，使不着的，打发到那院里去.把小幺儿们多挑几个在这二层门上同两边的角门上，伺候着要东西传话.你可知道不知道，今儿小姐奶奶们都出来，一个闲人也到不了这里。",neutral
是林大娘。,neutral
鲍二媳妇吊死了。,neutral
放在当地罢。,neutral
"江南甄府里家眷昨日到京，今日进宫朝贺.此刻先遣人来送礼请安.""说着，便将礼单送上去.探春接了，看道是：“上用的妆缎蟒缎十二匹，上用杂色缎十二匹，上用各色纱十二匹，上用宫绸十二匹，官用各色缎纱绸绫二十四匹。",neutral
难为他们想着，叫他们来瞧瞧。,angry
"我听见你病了，怎么跑到这里来？""五儿陪笑道：“因这两热蘸眯*，跟我妈进来散散闷.才因我妈使我到怡红院送家伙去。",neutral
"姑娘知道了，叫你们找平儿回二奶奶去.""林之孝家的只得领出来.到凤姐儿那边，先找着了平儿，平儿进去回了凤姐.凤姐方才歇下，听见此事，便吩咐：“将他娘打四十板子，撵出去，永不许进二门.把五儿打四十板子，立刻交给庄子上，或卖或配人。",neutral
露却是给芳官，芳官转给何人我却不知。,neutral
大事化为小事，小事化为没事，方是兴旺之家.若得不了一点子小事，便扬铃打鼓的乱折腾起来，不成道理.如今将他母女带回，照旧去当差.将秦显家的仍旧退回.再不必提此事.只是每日小心巡察要紧。,neutral
你们又不放心，来查我们来了.我们没有多吃酒，不过是大家顽笑，将酒作个引子，妈妈们别耽心。,angry
什么事？&qut;林之孝家的便指那媳妇说：“这是四姑娘屋里的小丫头彩儿的娘，现是园内伺候的人.嘴很不好，才是我听见了问着他，他说的话也不敢回姑娘，竟要撵出去才是。,neutral
他们查上夜的人来了.这一出去，咱们好关门了。,angry
"你回来了么.我才吩咐了林之孝家的.叫他使人告诉跟你的小厮，若没什么事趁便请你回来歇息歇息.再者那里人多，你那里禁得住那些气味.不想恰好你倒来了.""宝玉笑道：“多谢姐姐记挂.我也因今日没事，又见姐姐这两日没往那府里去，不知身上可大愈否，所以回来看视看视。",happy
叫凤丫头收了，改日闷了再瞧。,angry
这两个婆婆就是管家奶奶，时常我们和他说话，都似狠虫一般.奶奶若不戒饬，大奶奶脸上过不去。,neutral
奶奶才歇了.大奶奶在园里，叫大娘见了大奶奶就是了。,neutral
你这孩子好糊涂，谁叫你娘吃酒混说了，惹出事来，连我也不知道.二奶奶打发人捆他，连我还有不是呢.我替谁讨请去。,angry
方才听得雨村降了，却不知因何事，只怕未必真。,neutral
"不好了，一个人从墙上跳下来了！""众人听说，忙问在那里，即喝起人来，各处寻找.晴雯因见宝玉读书苦恼，劳费一夜神思，明日也未必妥当，心下正要替宝玉想出一个主意来脱此难，正好忽然逢此一惊，即便生计，向宝玉道：“趁这个会快装病，只说唬着了。",fear
轿车俱已齐备，在门外伺候着呢。,neutral
今日是北静郡王生日，请老爷的示下。,neutral
"这吴大人本来咱们相好，也是我辈人，还倒是有骨气的.""又说了几句闲话儿，贾母便叫""歇着去罢。",neutral
是,neutral
你这会子不在那边，做什么来了？,angry
告诉二奶奶什么事？,angry
这么着罢，就叫雪姑娘去罢。,neutral
老太太疼我一场我跟了去“的话。众人都打谅人到悲哭俱有这些言语，也不理会。到了辞灵之时，上上下下也有百十余人，只鸳鸯不在。众人忙乱之时，谁去捡点。到了琥珀等一干的人哭奠之时，却不见鸳鸯，想来是他哭乏了，暂在别处歇着，也不言语。辞灵以后，外头贾政叫了贾琏问明送殡的事，便商量着派人看家。贾琏回说：“上人里头派了芸儿在家照应，不必送殡；下人里头派了林之孝的一家子照应拆棚等事。但不知里头派谁看家？,sad
真真的我们姑娘是个有志气的，有造化的，又得了好名声，又得了好发送。,happy
你们都是死人么！贼人进来你们不知道的么！,angry
这不是贼，是强盗。,angry
你们求也无益。老爷派我们看家，没有事是造化，如今有了事，上下都担不是，谁救得你。若说是周瑞的干儿子，连太太起，里里外外的都不干净。,angry
是他么，他怎么肯这样，是再没有的话。但是叫这讨人嫌的东西嚷出来，老爷知道了也不好。,angry
衙门里瞧了没有？,neutral
去罢！明日问你！,angry
衙门拿住了鲍二，身边搜出了失单上的东西。现在夹讯，要在他身上要这一伙贼呢。,neutral
"外客未见，就脱了衣裳，还不去见你妹妹！""宝玉早已看见多了一个姊妹，便料定是林姑妈之女，忙来作揖.厮见毕归坐，细看形容，与众各别：两弯似蹙非蹙ズ烟眉，一双似喜非喜含情目.态生两ь之愁，娇袭一身之病.泪光点点，娇喘微微.闲静时如姣花照水，行动处似弱柳扶风.心较比干多一窍，病如西子胜分.宝玉看罢，因笑道：“这个妹妹我曾见过的。",neutral
"好妹妹，你别撒谎，你看这个字那一个好？""黛玉仰头看里间门斗上，新贴了个字，写着""绛云轩"".黛玉笑道：“个个都好.怎么写的这们好了？明儿也与我写一个匾。",happy
"好姐姐，你怎么又不自在了？难道怪我上学去丢的你们冷清了不成？""袭人笑道：“这是那里话.读书是极好的事，不然就潦倒一辈子，终久怎么样呢.但只一件：只是念书的时节想着书，不念的时节想着家些.别和他们一处顽闹，碰见老爷不是顽的.虽说是奋志要强，那工课宁可少些，一则贪多嚼不烂，二则身子也要保重.这就是我的意思，你可要体谅。",neutral
"你们两府里都是这牌，倘或别人私弄一个，支了银子跑了，怎样？""凤姐笑道：“依你说，都没王法了。",angry
"二十一是薛妹妹的生日，你到底怎么样呢？""贾琏道：“我知道怎么样！你连多少大生日都料理过了，这会子倒没了主意？""凤姐道：“大生日料理，不过是有一定的则例在那里.如今他这生日，大又不是，小又不是，所以和你商量。",neutral
安静看戏罢，还没唱《山门》，你倒《妆疯》了。,neutral
忙什么，等去的日子再包不迟。,angry
颦儿急了，还不回来坐着.走了倒没意思。,angry
"林妹妹怎么不见？好个懒丫头！这会子还睡觉不成？""宝钗道：“你们等着，我去闹了他来。",angry
"大姑娘，你吃那鲍太医的药可好些？""林黛玉道：“也不过这么着.老太太还叫我吃王大夫的药呢。",neutral
"你听见了没有，难道二姐姐也跟着我撒谎不成？""脸望着黛玉说话，却拿眼睛パ，着宝钗.黛玉便拉王夫人道：“舅母听听，宝姐姐不替他圆谎，他支吾着我.""王夫人也道：“宝玉很会欺负你妹妹。",neutral
二哥哥，你成日家忙些什么？吃饭吃茶也是这么忙碌碌的。,angry
"哦，这是作什么呢？才吃了饭，这么空着头，一会子又头疼了.""黛玉并不理，只管裁他的.有一个丫头说道：“那块绸子角儿还不好呢，再熨他一熨。",neutral
"我的东西叫你拣，你怎么不拣？""林黛玉昨日所恼宝玉的心事早又丢开，又顾今日的事了，因说道：“我没这么大福禁受，比不得宝姑娘，什么金什么玉的，我们不过是草木之人！""宝玉听他提出""金玉""二字来，不觉心动疑猜，便说道：“除了别人说什么金什么玉，我心里要有这个想头，天诛地灭，万世不得人身！""林黛玉听他这话，便知他心里动了疑，忙又笑道：“好没意思，白白的说什么誓？管你什么金什么玉的呢！""宝玉道：“我心里的事也难对你说，日后自然明白.除了老太太，老爷，太太这个人，第四个就是妹妹了.要有第五个人，我也说个誓。",neutral
"我来了这么几年，留神看起来，凤丫头凭他怎么巧，再巧不过老太太去.""贾母听说，便答道：“我如今老了，那里还巧什么.当日我象凤哥儿这么大年纪，比他还来得呢.他如今虽说不如我们，也就算好了，比你姨娘强远了.你姨娘可怜见的，不大说话，和木头似的，在公婆跟前就不大显好.凤儿嘴乖，怎么怨得人疼他。",sad
又来了一个。,neutral
我出二十两。,neutral
天又短又冷，不如以后大嫂子带着姑娘们在园子里吃饭一样.等天长暖和了，再来回的跑也不妨。,happy
难为他们想着，叫他们来瞧瞧。,angry
妈多早晚来的？我竟不知道。,surprise
天气甚好，你且出去逛逛，省得丢下粥碗就睡，存在心里。,neutral
"藕官，你要死，怎弄些纸钱进来烧？我回去回奶奶们去，仔细你的肉！""宝玉听了，益发疑惑起来，忙转过山石看时，只见藕官满面泪痕，蹲在那里，里还拿着火，守着些纸钱灰作悲.宝玉忙问道：“你与谁烧纸钱？快不要在这里烧.你或是为父母兄弟，你告诉我姓名，外头去叫小厮们打了包袱写上名姓去烧。",neutral
拜寿的挤破了门了，快拿面来我们吃。,neutral
"他两个去请，只怕宝林两个不肯来，须得我们请去，死活拉他来.""于是袭人晴雯忙又命老婆子打个灯笼，二人又去.果然宝钗说夜深了，黛玉说身上不好，他二人再央求说：“好歹给我们一点体面，略坐坐再来。",neutral
"姐姐那里去？""岫烟笑道：“我找妙玉说话。",neutral
"你怎么来了？你快与我拦住晴雯，他要打我呢.""一语未了，只听得屋内嘻ウ哗喇的乱响，不知是何物撒了一地.随后晴雯赶来骂道：“我看你这小蹄子往那里去，输了不叫打.宝玉不在家，我看你有谁来救你。",angry
"你们姑娘从来不吃这些凉东西的，拿这些瓜果何用？不是要请那位姑娘奶奶么？""雪雁笑道：“我告诉你，可不许你对姑娘说去。",angry
"姑娘才身上好些，宝二爷又来怄气了，到底是怎么样？""宝玉一面拭泪笑道：“谁敢怄妹妹了。",happy
妹妹这诗恰好只做了五首，何不就命曰《五美吟》。,neutral
"你们怎么得来？""宝琴笑道：“你猜是谁做的？""宝玉笑道：“自然是潇湘子稿。",neutral
姑娘，你别去生事.姑娘的金丝凤，原是我们老奶奶老糊涂了，输了几个钱，没的捞梢，所以暂借了去.原说一日半晌就赎的，因总未捞过本儿来，就迟住了.可巧今儿又不知是谁走了风声，弄出事来.虽然这样，到底主子的东西，我们不敢迟误下，终久是要赎的.如今还要求姑娘看从小儿吃奶的情常，往老太太那边去讨个情面，救出他老人家来才好。,angry
太太来了。,happy
你去回了太太，也进园内照管照管，不比别人又强些。,neutral
"妹妹身体可大好了？""黛玉也微笑道：“大好了.听见说二哥哥身上也欠安，好了么？""宝玉道：“可不是，我那日夜里忽然心里疼起来，这几天刚好些就上学去了，也没能过去看妹妹。",happy
"你这是怎么说，进来也不言语，这么使促狭唬人.你多早晚进来的？""宝玉道：“我头里就进来了，看着你们两个争这个`畸角儿。",angry
我原是心里烦，才找个地方儿静坐坐儿.这会子好了，还要外头走走去呢。,angry
小祖宗！你到底是那里丢的，说明了，我们就是受罪也在明处啊。,angry
我看这孩子的病，不是我咒他，只怕难好。你们也该替他预备预备，冲一冲。或者好了，岂不是大家省心。就是怎么样，也不至临时忙乱。咱们家里这两天正有事呢。,sad
宝兄弟大喜，老爷已择了吉日要给你娶亲了。你喜欢不喜欢？,happy
林妹妹打园里来，为什么这么费事，还不来？,angry
妹妹身上好了？好些天不见了，盖着这劳什子做什么！,angry
我问你，宝姐姐怎么来的？我记得老爷给我娶了林妹妹过来，怎么被宝姐姐赶了去了？他为什么霸占住在这里？我要说呢，又恐怕得罪了他。你们听见林妹妹哭得怎么样了？,angry
既这么着，我也不过去了。由你们办罢，我看着心里也难受，只别委屈了他就是了。,sad
听得林妹妹病了，不知他可好些了？,sad
宝玉的命都亏姨太太救的，如今想来不妨了，独委屈了你的姑娘。如今宝玉调养百日，身体复旧，又过了娘娘的功服，正好圆房。要求姨太太作主，另择个上好的吉日。,sad
有个笑话儿说给老太太和姑妈听,neutral
妹妹，我听见林妹妹死的时候你在那里来着。我还听见说，林妹妹死的时候远远的有音乐之声。或者他是有来历的也未可知。,neutral
怎么了？,surprise
但是紫鹃见了我，脸上嘴里总有气似的，须得你去解释开了他来才好。,neutral
老太太伤心，你们该劝解，怎么的齐打伙儿哭起来了。,sad
你听什么？,neutral
人生在世，有意有情，到了死后各自干各自的去了，并不是生前那样个人死后还是这样。活人虽有痴心，死的竟不知道。况且林姑娘既说仙去，他看凡人是个不堪的浊物，那里还肯混在世上。只是人自己疑心，所以招些邪魔外祟来缠扰了。,sad
正是‘悠悠生死别经年，魂魄不曾来入梦’。,sad
莫非林妹妹来了，听见我和五儿说话故意吓我们的？,fear
所以千红万紫终让梅花为魁，殊不知并非为梅花开的早，竟是‘洁白清香’四字是不可及的了。但只这时候若有林妹妹也是这样打扮，又不知怎样的丰韵了！,happy
这样一个人自称为‘槛外人’，怎么遭此结局！,angry
紫鹃到了这里，我从没合他说句知心的话儿，冷冷清清撂着他，我心里甚不过意。他呢，又比不得麝月秋纹，我可以安放得的。想起从前我病的时候，他在我这里伴了好些时，如今他的那一面小镜子还在我这里，他的情义却也不薄了。如今不知为什么，见我就是冷冷的。若说为我们这一个呢，他是和林妹妹最好的，我看他待紫鹃也不错。我有不在家的日子，紫鹃原与他有说有讲的；到我来了，紫鹃便走开了。想来自然是为林妹妹死了我便成了家的原故。嗳，紫鹃，紫鹃，你这样一个聪明女孩儿，难道连我这点子苦处都看不出来么！,sad
琏二奶奶不好了，还没有咽气，二爷二奶奶且慢些过去罢。琏二奶奶的病有些古怪，从更天起到四更时候，琏二奶奶没有住嘴说些胡话，要船要轿的，说到金陵归入册子去。众人不懂，他只是哭哭喊喊的。琏二爷没有法儿，只得去糊了船轿，还没拿来，琏二奶奶喘着气等呢。叫我们过来说，等琏二奶奶去了再过去罢。,sad
我少时做梦曾到过这个地方。如今能够亲身到此，也是大幸。,happy
你又发呆了！林妹妹请你呢。,surprise
可好了，原来回到自己家里了。我怎么一时迷乱如此。,sad
老爷想得极是，如今趁着丁忧干了一件大事更好。将来老爷起了服，生恐又不能遂意了。但是我父亲不在家，侄儿呢又不敢僭越。老爷的主意很好，只是这件事也得好几千银子。衙门里缉赃那是再缉不出来的。,neutral
刚才老太太还念呢，可巧就来了。,happy
林姑娘来了。,neutral
好妈妈，我再吃两钟就不吃了。,happy
不用忙，不相干，这是急火攻心，血不归经。,angry
"带的东西又是那起没脸的东西们解了去了.""林黛玉听说，走来瞧瞧，果然一件无存，因向宝玉道：“我给的那个荷包也给他们了？你明儿再想我的东西，可不能够了！""说毕，赌气回房，将前日宝玉所烦他作的那个香袋儿――才做了一半――赌气拿过来就铰.宝玉见他生气，便知不妥，忙赶过来，早剪破了.宝玉已见过这香囊，虽尚未完，却十分精巧，费了许多工夫.今见无故剪了，却也可气.因忙把衣领解了，从里面红袄襟上将黛玉所给的那荷包解了下来，递与黛玉瞧道：“你瞧瞧，这是什么！我那一回把你的东西给人了？""林黛玉见他如此珍重，带在里面，可知是怕人拿去之意，因此又自悔莽撞，未见皂白，就剪了香袋.因此又愧又气，低头一言不发.宝玉道：“你也不用剪，我知道你是懒待给我东西.我连这荷包奉还，何如？""说着，掷向他怀便走.黛玉见如此，越发气起来，声咽气堵，又汪汪的滚下泪来，拿起荷包来又剪.宝玉见他如此，忙回身抢住，笑道：“好妹妹，饶了他罢！""黛玉将剪子一摔，拭泪说道：“你不用同我好一阵歹一阵的，要恼，就撂开.这当了什么。",angry
这是你妈妈和袭人叫嚷呢.那袭人也罢了，你妈妈再要认真排场他，可见老背晦了。,angry
满屋里就只是他磨牙。,neutral
史大姑娘来了。,neutral
好好的又生气了？就是我说错了，你到底也还坐在那里，和别人说笑一会子.又来自己纳闷。,angry
"你又来作什么？横竖如今有人和你顽，比我又会念，又会作，又会写，又会说笑，又怕你生气拉了你去，你又作什么来？死活凭我去罢了！""宝玉听了忙上来悄悄的说道：“你这么个明白人，难道连`亲不间疏，先不僭后也不知道？我虽糊涂，却明白这两句话.头一件，咱们是姑舅姊妹，宝姐姐是两姨姊妹，论亲戚，他比你疏.第二件，你先来，咱们两个一桌吃，一床睡，长的这么大了，他是才来的，岂有个为他疏你的？""林黛玉啐道：“我难道为叫你疏他？我成了个什么人了呢！我为的是我的心。",angry
"仔细绊跌了！那里就赶上了？""林黛玉赶到门前，被宝玉叉在门框上拦住，笑劝道：“饶他这一遭罢。",angry
睡觉还是不老实！回来风吹了，又嚷肩窝疼了。,angry
"一个老祖宗给孩子们作生日，不拘怎样，谁还敢争，又办什么酒戏.既高兴要热闹，就说不得自己花上几两.巴巴的找出这霉烂的二十两银子来作东道，这意思还叫我赔上.果然拿不出来也罢了，金的，银的，圆的，扁的，压塌了箱子底，只是勒ц我们.举眼看看，谁不是儿女？难道将来只有宝兄弟顶了你老人家上五台山不成？那些梯己只留于他，我们如今虽不配使，也别苦了我们.这个够酒的？够戏的？""说的满屋里都笑起来.贾母亦笑道：“你们听听这嘴！我也算会说的，怎么说不过这猴儿.你婆婆也不敢强嘴，你和我まま的。",angry
安静看戏罢，还没唱《山门》，你倒《妆疯》了。,neutral
"凡事都有个原故，说出来，人也不委曲.好好的就恼了，终是什么原故起的？""林黛玉冷笑道：“问的我倒好，我也不知为什么原故.我原是给你们取笑的，——拿我比戏子取笑.""宝玉道：“我并没有比你，我并没笑，为什么恼我呢？""黛玉道：“你还要比？你还要笑？你不比不笑，比人比了笑了的还利害呢！""宝玉听说，无可分辩，不则一声.",angry
这一去，一辈子也别来，也别说话。,angry
"前儿的丸药都吃完了？""宝玉答道：“还有一丸。",neutral
二月二十二曰子好，哥儿姐儿们好搬进去的.这几日内遣人进去分派收拾。,neutral
"你在这里作什么？""宝玉一回头，却是林黛玉来了，肩上担着花锄，锄上挂着花囊，内拿着花帚.宝玉笑道：“好，好，来把这个花扫起来，撂在那水里.我才撂了好些在那里呢。",neutral
待我放下书，帮你来收拾。,neutral
"妹妹，你说好不好？""林黛玉笑道：“果然有趣。",happy
原来姹紫嫣红开遍，似这般都付与断井颓垣。,sad
"你作什么一个人在这里？""林黛玉倒唬了一跳，回头看时，不是别人，却是香菱.林黛玉道：“你这个傻丫头，唬我这么一跳好的.你这会子打那里来？""香菱嘻嘻的笑道：“我来寻我们的姑娘的，找他总找不着.你们紫鹃也找你呢，说琏二奶奶送了什么茶叶来给你的.走罢，回家去坐着。",surprise
"没脸的下流东西！正经叫你去催水去，你说有事故，倒叫我们去，你可等着做这个巧宗儿.一里一里的，这不上来了.难道我们倒跟不上你了？你也拿镜子照照，配递茶递水不配！""碧痕道：“明儿我说给他们，凡要茶要水送东送西的事，咱们都别动，只叫他去便是了。",angry
我瞧瞧烫了那里了，有什么遮着藏着的。,surprise
这不又来了一个。,surprise
你们听听，这是吃了他们家一点子茶叶，就来使唤人了。,surprise
颦儿急了，还不回来坐着.走了倒没意思。,angry
"好头疼！""林黛玉道：“该，阿弥陀佛！""只见宝玉大叫一声：“我要死！""将身一纵，离地跳有四尺高，口内乱嚷乱叫，说起胡话来了.林黛玉并丫头们都唬慌了，忙去报知王夫人，贾母等.此时王子腾的夫人也在这里，都一齐来时，宝玉益发拿刀弄杖，寻死觅活的，闹得天翻地覆.贾母，王夫人见了，唬的抖衣而颤，且儿萍，薛姨妈，薛蟠并周瑞家的一干家上上下下里里外外众媳妇丫头等，都来园内看视.登时园内乱麻一般.正没个主见，只见凤姐持一把明晃晃钢刀砍进园来，见鸡杀鸡，见狗杀狗，见人就要杀人.众人越发慌了.周瑞媳妇忙带着几个有力量的胆壮的婆娘上去抱住，夺下刀来，抬回房去.平儿，丰儿等哭的泪天泪地.贾政等心也有些烦难，顾了这里，丢不下那里.",fear
此物已灵，不可亵渎，悬于卧室上槛，将他二人安在一室之内，除亲身妻母外，不可使陰人冲犯.十日之后，包管身安病退，复旧如初。,neutral
"妹妹睡觉呢，等醒了再请来.""刚说着，黛玉便翻身坐了起来，笑道：“谁睡觉呢。",neutral
紫鹃，把你们的好茶倒碗我吃。,neutral
"有事没事跑了来坐着，叫我们更半夜的不得睡觉！""忽听又有人叫门，晴雯越发动了气，也并不问是谁，便说道：“都睡下了，明儿再来罢！""林黛玉素知丫头们的情性，他们彼此顽耍惯了，恐怕院内的丫头没听真是他的声音，只当是别的丫头们来了，所以不开门，因而又高声说道：“是我，还不开么？""晴雯偏生还没听出来，便使性子说道：“凭你是谁，二爷吩咐的，一概不许放人进来呢！""林黛玉听了，不觉气怔在门外，待要高声问他，逗起气来，自己又回思一番：“虽说是舅母家如同自己家一样，到底是客边.如今父母双亡，无依无靠，现在他家依栖.如今认真淘气，也觉没趣。",angry
"林妹妹怎么不见？好个懒丫头！这会子还睡觉不成？""宝钗道：“你们等着，我去闹了他来。",angry
好妹妹，你昨儿可告我了不曾？教我悬了一夜心。,fear
这是他心里生了气，也不收拾这花儿来了.待我送了去，明儿再问着他。,angry
"人人都笑我有些痴病，难道还有一个痴子不成？""想着，抬头一看，见是宝玉.林黛玉看见，便道：“啐！我道是谁，原来是这个狠心短命的……""刚说到""短命""二字，又把口掩住，长叹了一声，自己怞身便走了.",sad
你且站住.我知你不理我，我只说一句话，从今后撂开。,sad
"你既这么说，昨儿为什么我去了，你不叫丫头开门？""宝玉诧异道：“这话从那里说起？我要是这么样，立刻就死了！""林黛玉啐道：“大清早起死呀活的，也不忌讳.你说有呢就有，没有就没有，起什么誓呢。",angry
"大姑娘，你吃那鲍太医的药可好些？""林黛玉道：“也不过这么着.老太太还叫我吃王大夫的药呢。",neutral
既有这个名儿，明儿就叫人买些来吃。,neutral
"你听见了没有，难道二姐姐也跟着我撒谎不成？""脸望着黛玉说话，却拿眼睛パ，着宝钗.黛玉便拉王夫人道：“舅母听听，宝姐姐不替他圆谎，他支吾着我.""王夫人也道：“宝玉很会欺负你妹妹。",neutral
二哥哥，你成日家忙些什么？吃饭吃茶也是这么忙碌碌的。,angry
"哦，这是作什么呢？才吃了饭，这么空着头，一会子又头疼了.""黛玉并不理，只管裁他的.有一个丫头说道：“那块绸子角儿还不好呢，再熨他一熨。",neutral
"我的东西叫你拣，你怎么不拣？""林黛玉昨日所恼宝玉的心事早又丢开，又顾今日的事了，因说道：“我没这么大福禁受，比不得宝姑娘，什么金什么玉的，我们不过是草木之人！""宝玉听他提出""金玉""二字来，不觉心动疑猜，便说道：“除了别人说什么金什么玉，我心里要有这个想头，天诛地灭，万世不得人身！""林黛玉听他这话，便知他心里动了疑，忙又笑道：“好没意思，白白的说什么誓？管你什么金什么玉的呢！""宝玉道：“我心里的事也难对你说，日后自然明白.除了老太太，老爷，太太这个人，第四个就是妹妹了.要有第五个人，我也说个誓。",neutral
不敢，是我失了.因为宝姐姐要看呆雁，我比给他看，不想失了。,fear
"还是这么高兴.""因打发人去到园里告诉：“有要逛的，只管初一跟了老太太逛去。",happy
"若论前日之事，竟是姑娘太浮躁了些。别人不知宝玉那脾气，难道咱们也不知道的。为那玉也不是闹了一遭两遭了。""黛玉啐道：“你倒来替人派我的不是。我怎么浮躁了？""紫鹃笑道：“好好的，为什么又剪了那穗子？岂不是宝玉只有分不是，姑娘倒有分不是。我看他素日在姑娘身上就好，皆因姑娘小性儿，常要歪派他，才这么样。",angry
"这是宝玉的声音，想必是来赔不是来了。""林黛玉听了道：“不许开门！""紫鹃道：“姑娘又不是了。这么热天毒日头地下，晒坏了他如何使得呢！""口里说着，便出去开门，果然是宝玉。一面让他进来，一面笑道：“我只当是宝二爷再不上我们这门了，谁知这会子又来了。""宝玉笑道：“你们把极小的事倒说大了。好好的为什么不来？我便死了，魂也要一日来一百遭。妹妹可大好了？""紫鹃道：“身上病好了，只是心里气不大好。""宝玉笑道：“我晓得有什么气。""一面说着，一面进来，只见林黛玉又在床上哭。",neutral
"妹妹身上可大好了？""林黛玉只顾拭泪，并不答应。宝玉因便挨在床沿上坐了，一面笑道：“我知道妹妹不恼我。但只是我不来，叫旁人看着，倒象是咱们又拌了嘴的似的。若等他们来劝咱们，那时节岂不咱们倒觉生分了？不如这会子，你要打要骂，凭着你怎么样，千万别不理我。""说着，又把""好妹妹""叫了几万声。林黛玉心里原是再不理宝玉的，这会子见宝玉说别叫人知道他们拌了嘴就生分了似的这一句话，又可见得比人原亲近，因又撑不住哭道：“你也不用哄我。从今以后，我也不敢亲近二爷，二爷也全当我去了。""宝玉听了笑道：“你往那去呢？""林黛玉道：“我回家去。""宝玉笑道：“我跟了你去。""林黛玉道：“我死了。""宝玉道：“你死了，我做和尚！""林黛玉一闻此言，登时将脸放下来，问道：“想是你要死了，胡说的是什么！你家倒有几个亲姐姐亲妹妹呢，明儿都死了，你几个身子去作和尚？明儿我倒把这话告诉别人去评评。",neutral
"你这——""刚说了两个字，便又叹了一口气，仍拿起帕子来檫眼泪。宝玉心里原有无限的心事，又兼说错了话，正自后悔，又见黛玉戳他一下，要说又说不出来，自叹自泣，因此自己也有所感，不觉滚下泪来。要用帕子揩拭，不想又忘了带来，便用衫袖去檫。林黛玉虽然哭着，却一眼看见了，见他穿着簇新藕合纱衫，竟去拭泪，便一面自己拭着泪，一面回身将枕边搭的一方绡帕子拿起来，向宝玉怀里一摔，一语不发，仍掩面自泣。宝玉见他摔了帕子来，忙接住拭了泪，又挨近前些，伸拉了林黛玉一只，笑道：“我的五脏都碎了，你还只是哭。走罢，我同你往老太太跟前去。""林黛玉将一摔道：“谁同你拉拉扯扯的。一天大似一天的，还这么が皮赖脸的，连个道理也不知道。",sad
"好了！""宝林二人不防，都唬了一跳，回头看时，只见凤姐儿跳了进来，笑道：“老太太在那里抱怨天抱怨地，只叫我来瞧瞧你们好了没有。我说不用瞧，过不了天，他们自己就好了。老太太骂我，说我懒。我来了，果然应了我的话了。也没见你们两个人有些什么可拌的，日好了，两日恼了，越大越成了孩子了！有这会子拉着哭的，昨儿为什么又成了乌眼鸡呢！还不跟我走，到老太太跟前，叫老人家也放些心。""说着拉了林黛玉就走。林黛玉回头叫丫头们，一个也没有。凤姐道：“又叫他们作什么，有我伏侍你呢。""一面说，一面拉了就走。宝玉在后面跟着出了园门。到了贾母跟前，凤姐笑道：“我说他们不用人费心，自己就会好的。老祖宗不信，一定叫我去说合。我及至到那里要说合，谁知两个人倒在一处对赔不是了。对笑对诉，倒象`黄鹰抓住了鹞子的脚，两个都扣了环了，那里还要人去说合。""说的满屋里都笑起来。",happy
"这也多事。你便要去也不敢惊动，何况身上不好，弟兄们日日一处，要存这个心倒生分了。""宝玉又笑道：“姐姐知道体谅我就好了。""又道：“姐姐怎么不看戏去？""宝钗道：“我怕热，看了两出，热的很。要走，客又不散。我少不得推身上不好，就来了。""宝玉听说，自己由不得脸上没意思，只得又搭讪笑道：“怪不得他们拿姐姐比杨妃，原来也体丰怯热。""宝钗听说，不由的大怒，待要怎样，又不好怎样。回思了一回，脸红起来，便冷笑了两声，说道：“我倒象杨妃，只是没一个好哥哥好兄弟可以作得杨国忠的！""二人正说着，可巧小丫头靛儿因不见了扇子，和宝钗笑道：“必是宝姑娘藏了我的。好姑娘，赏我罢。""宝钗指他道：“你要仔细！我和你顽过，你再疑我。和你素日嘻皮笑脸的那些姑娘们跟前，你该问他们去。""说的个靛儿跑了。宝玉自知又把话说造次了，当着许多人，更比才在林黛玉跟前更不好意思，便急回身又同别人搭讪去了。",neutral
"宝姐姐，你听了两出什么戏？""宝钗因见林黛玉面上有得意之态，一定是听了宝玉方才奚落之言，遂了他的心愿，忽又见问他这话，便笑道：“我看的是李逵骂了宋江，后来又赔不是。""宝玉便笑道：“姐姐通今博古，色色都知道，怎么连这一出戏的名字也不知道，就说了这么一串子。这叫《负荆请罪》。""宝钗笑道：“原来这叫作《负荆请罪》！你们通今博古，才知道`负荆请罪，我不知道什么是`负荆请罪！""一句话还未说完，宝玉林黛玉二人心里有病，听了这话早把脸羞红了。凤姐于这些上虽不通达，但见他人形景，便知其意，便也笑着问人道：“你们大暑天，谁还吃生姜呢？""众人不解其意，便说道：“没有吃生姜。风姐故意用摸着腮，诧异道：发不好过了。宝钗再要说话，见宝玉十分讨愧，形景改变，也就不好再说，只得一笑收住。别人总未解得他四个人的言语，因此付之流水。",neutral
"你也试着比我利害的人了。谁都象我心拙口笨的，由着人说呢。""宝玉正因宝钗多了心，自己没趣，又见林黛玉来问着他，越发没好气起来。待要说两句，又恐林黛玉多心，说不得忍着气，无精打采一直出来。",angry
"难道这也是个痴丫头，又象颦儿来葬花不成？""因又自叹道：“若真也葬花，可谓`东施效颦，不但不为新特，且更可厌了。""想毕，便要叫那女子，说：“你不用跟着那林姑娘学了。""话未出口，幸而再看时，这女孩子面生，不是个侍儿，倒象是那十二个学戏的女孩子之内的，却辨不出他是生旦净丑那一个角色来。宝玉忙把舌头一伸，将口掩住，自己想道：“幸而不曾造次。上两次皆因造次了，颦儿也生气，宝儿也多心，如今再得罪了他们，越发没意思了。""一面想，一面又恨认不得这个是谁。再留神细看，只见这女孩子眉蹙春山，眼颦秋水，面薄腰纤，袅袅婷婷，大有林黛玉之态。宝玉早又不忍弃他而去，只管痴看。只见他虽然用金簪划地，并不是掘土埋花，竟是向土上画字。宝玉用眼随着簪子的起落，一直一画一点一勾的看了去，数一数，十八笔。自己又在心里用指头按着他方才下笔的规矩写了，猜是个什么字。写成一想，原来就是个蔷薇花的""蔷""字。宝玉想道：“必定是他也要作诗填词。这会子见了这花，因有所感，或者偶成了两句，一时兴至恐忘，在地下画着推敲，也未可知。且看他底下再写什么。""一面想，一面又看，只见那女孩子还在那里画呢，画来画去，还是个""蔷""字。再看，还是个""蔷""字。里面的原是早已痴了，画完一个又画一个，已经画了有几千个""蔷""。外面的不觉也看痴了，两个眼睛珠儿只管随着簪子动，心里却想：“这女孩子一定有什么话说不出来的大心事，才这样个形景。外面既是这个形景，心里不知怎么熬煎。看他的模样儿这般单薄，心里那里还搁的住熬煎。可恨我不能替你分些过来。",neutral
如何他不来瞧宝玉？便是有事缠住了，他必定也是要来打个花胡哨，讨老太太和太太的好儿才是.今儿这早晚不来，必有原故。,angry
"双，双，诚为命薄人矣.然你虽命薄，尚有孀母弱弟，今日林黛玉之命薄，一并连孀母弱弟俱无.古人云`佳人命薄，然我又非佳人，何命薄胜于双哉！""一面想，一面只管走，不防廊上的鹦哥见林黛玉来了，嘎的一声扑了下来，倒吓了一跳，因说道：“作死的，又扇了我一头灰。",sad
"我来了这么几年，留神看起来，凤丫头凭他怎么巧，再巧不过老太太去.""贾母听说，便答道：“我如今老了，那里还巧什么.当日我象凤哥儿这么大年纪，比他还来得呢.他如今虽说不如我们，也就算好了，比你姨娘强远了.你姨娘可怜见的，不大说话，和木头似的，在公婆跟前就不大显好.凤儿嘴乖，怎么怨得人疼他。",sad
让他们小妯娌伏侍，你在那里坐了，好说话儿。,neutral
自从玉钏儿姐姐死了，太太跟前少着一个人.太太或看准了那个丫头好，就吩咐，下月好发放月钱的。,neutral
走罢.我想起袭人来，他说午间要到池子里去洗衣裳，想必去了，咱们那里找他去。,neutral
"我昨晚上的话竟说错了，怪道老爷说我是`管窥蠡测.昨夜说你们的眼泪单葬我，这就错了.我竟不能全得了.从此后只是各人各得眼泪罢了.""袭人昨夜不过是些顽话，已经忘了，不想宝玉今又提起来，便笑道：“你可真真有些疯了。",neutral
我才在舅母跟前听的明儿是薛姨妈的生日，叫我顺便来问你出去不出去.你打发人前头说一声去。,neutral
既然定要起诗社，咱们都是诗翁了，先把这些姐妹叔嫂的字样改了才不俗。,angry
新奇固新奇，只怕作不出来。,neutral
老太太说了，还要摆酒还史妹妹的席，叫咱们作陪呢.等着吃了老太太的，咱们再请不迟。,neutral
姥姥，你上来走，仔细苍苔滑了。,neutral
老刘，老刘，食量大似牛，吃一个老母猪不抬头。,angry
这不是顽的，虽不是河里，也有好深的.你快不给我进来。,angry
社还没起，就有脱滑的了，四丫头要告一年的假呢。,angry
咱们放他一年的假罢。,angry
这王十朋也不通的很，不管在那里祭一祭罢了，必定跑到江边子上来作什么！俗语说，`睹物思人，天下的水总归一源，不拘那里的水舀一碗看着哭去，也就尽情了。,angry
"叫你来不为别事，有一件为难的事，老爷托我，我不得主意，先和你商议.老爷因看上了老太太的鸳鸯，要他在房里，叫我和老太太讨去.我想这倒平常有的事，只是怕老太太不给，你可有法子？""凤姐儿听了，忙道：“依我说，竟别碰这个钉子去.老太太离了鸳鸯，饭也吃不下去的，那里就舍得了？况且平日说起闲话来，老太太常说，老爷如今上了年纪，作什么左一个小老婆右一个小老婆放在屋里，没的耽误了人家.放着身子不保养，官儿也不好生作去，成日家和小老婆喝酒.太太听这话，很喜欢老爷呢？这会子回避还恐回避不及，倒拿草棍儿戳老虎的鼻子眼儿去了！太太别恼，我是不敢去的.明放着不用，而且反招出没意思来.老爷如今上了年纪，行事不妥，太太该劝才是.比不得年轻，作这些事无碍.如今兄弟，侄儿，儿子，孙子一大群，还这么闹起来，怎样见人呢？""邢夫人冷笑道：“大家子房四妾的也多，偏咱们就使不得？我劝了也未必依.就是老太太心爱的丫头，这么胡子苍白了又作了官的一个大儿子，要了作房里人，也未必好驳回的.我叫了你来，不过商议商议，你先派上了一篇不是.也有叫你要去的理？自然是我说去.你倒说我不劝，你还不知道那性子的，劝不成，先和我恼了。",neutral
"这是那里的？""宝琴笑道：“因下雪珠儿，老太太找了这一件给我的。",neutral
我虽看了《西厢记》，也曾有明白的几句，说了取笑，你曾恼过.如今想来，竟有一句不解，我念出来你讲讲我听。,neutral
宝玉的心倒实，听见咱们去就那样起来。,neutral
妈多早晚来的？我竟不知道。,surprise
"能病了几天，竟把杏花辜负了！不觉倒`绿叶成荫子满枝了！""因此仰望杏子不舍.又想起邢岫烟已择了夫婿一事，虽说是男女大事，不可不行，但未免又少了一个好女儿.不过两年，便也要""绿叶成荫子满枝""了.再过几日，这杏树子落枝空，再几年，岫烟未免乌发如银，红颜似槁了，因此不免伤心，只管对杏流泪叹息.正悲叹时，忽有一个雀儿飞来，落于枝上乱啼.宝玉又发了呆性，心下想道：“这雀儿必定是杏花正开时他曾来过，今见无花空有子叶，故也乱啼.这声韵必是啼哭之声，可恨公冶长不在眼前，不能问他.但不知明年再发时，这个雀儿可还记得飞到这里来与杏花一会了？",sad
什么事？&qut;林之孝家的便指那媳妇说：“这是四姑娘屋里的小丫头彩儿的娘，现是园内伺候的人.嘴很不好，才是我听见了问着他，他说的话也不敢回姑娘，竟要撵出去才是。,neutral
姑娘的身子多病，早晚服药，这两日看着比那些日子略好些.虽说精神长了一点儿，还算不得十分大好.今儿宝姑娘送来的这些东西，可见宝姑娘素日看得姑娘很重，姑娘看着该喜欢才是，为什么反倒伤起心来.这不是宝姑娘送东西来倒叫姑娘烦恼了不成？就是宝姑娘听见，反觉脸上不好看.再者这里老太太们为姑娘的病体，千方百计请好大夫配药诊治，也为是姑娘的病好.这如今才好些，又这样哭哭啼啼，岂不是自己遭踏了自己身子，叫老太太看着添了愁烦了么？况且姑娘这病，原是素日忧虑过度，伤了血气.姑娘的千金贵体，也别自己看轻了。,sad
大家就要桃花诗一百韵。,neutral
还早呢。,happy
你是个明白人，何必作此形像自苦.我也和你一样，我就不似你这样心窄.何况你又多病，还不自己保养.可恨宝姐姐，姊妹天天说亲道热，早已说今年秋要大家一处赏月，必要起社，大家联句，到今日便弃了咱们，自己赏月去了.社也散了，诗也不作了.倒是他们父子叔侄纵横起来.你可知宋太祖说的好：`卧榻之侧，岂许他人酣睡.他们不作，咱们两个竟联起句来，明日羞他们一羞。,angry
了不得，这鹤真是助他的了！这一句更比`秋湍不同，叫我对什么才好？`影字只有一个`魂字可对，况且`寒塘渡鹤何等自然，何等现成，何等有景且又新鲜，我竟要搁笔了。,surprise
好新奇的祭！可与曹娥碑并传的了。,surprise
"妹妹身体可大好了？""黛玉也微笑道：“大好了.听见说二哥哥身上也欠安，好了么？""宝玉道：“可不是，我那日夜里忽然心里疼起来，这几天刚好些就上学去了，也没能过去看妹妹。",happy
今日你坐了罢。,neutral
借问此是何处？,surprise
你又发呆了！林妹妹请你呢。,surprise
刺,neutral
甚么地方都好，就是嘉兴不去。,neutral
这女魔头武功之强，竟似不亚于当年的梅超风。,surprise
两个女孩儿呢,surprise
若不显显手段，你这瞎老头只怕还不知我有意相让。,angry
若是搬动二人，只怕死得更快，可是又不能将他们留在此地，那便如何是好,sad
快跟我来。,neutral
啊哟，不好，咱们引鬼上门，那女魔头跟着就来啦,neutral
芙儿，你也来啦快叫雕儿咬这恶女人。,angry
雕儿，雕儿，快来,happy
夜长梦多，别等郭靖夫妇到来，讨不了好去。,sad
我瞧瞧去。,neutral
爹爹，妈妈,happy
大师父，这里没事么,happy
没事。,neutral
大师父，没受伤吗,surprise
你是杀害我五个好兄弟的老毒物。,angry
蛤膜功,neutral
师父，你抱着靖哥哥，咱们走罢,neutral
你跟阿姨说，到底是谁打赢了,neutral
过儿，过儿,neutral
秦王鞭石,neutral
柠伏药叉,neutral
就算打你不死，累也累死了你。,angry
柯公公，你怎么了,surprise
不是那女子。,neutral
大师父，弟子要请师父恩准，跟你收四个徒孙。,neutral
他父亲虽非我亲手所杀，但也可说死在我的手里，莫养虎为患，将来成为一个大大的祸胎。,angry
打死,angry
他不是奸贼他是好人。你打死我好了，我一句话也不说。,angry
你一定不说,angry
明儿我回嘉兴去。,neutral
师父,neutral
这孩子九成是到了桃花岛上。,neutral
柯镇恶守约而来，这是桃花岛的九花玉露丸，一共十二粒，每人三粒。,neutral
师哥，他取来了九花玉露丸，治得好咱们身上的内伤隐痛，咱们跟他又没深仇大怨，就饶了他罢。,neutral
那杨康认贼作父，卖国求荣，乃卑鄙无耻小人。我柯镇恶堂堂男儿，无愧天地，你如何拿这奸贼来跟我飞天蝙蝠相比你难道还不知柯某可杀不可辱吗,angry
你凭甚么辱骂我先父,angry
你四人是谁何以这般奇形怪状的连在一起又何以与柯镇恶在此相约会面,surprise
你刚才可是去见程英、陆无双姊妹么却是为了何事,surprise
当晚经过，这几个都是亲眼目睹。沙通天、彭连虎，你两个且说说，柯老头这番话中可有一句虚言,angry
杨公子，你在襄阳立此大功，你父亲便有千般不是，也都掩盖过了。他在九泉之下，自也欢喜你为父补过。,happy
柯老公公，程陆两位可都安好么,happy
她们听说你火烧南阳粮草，尽歼蒙古军先锋，喜欢得了不得，细细问你的详情，又问起小龙女的消息，她两姊妹都是十分挂怀。只可惜我所知也是有限。,happy
我来到嘉兴，是为了郭二姑娘。,happy
可得到甚么讯息,neutral
啊哟不知是真是假,surprise
是啊我本要送几枚毒蒺藜给这两个蒙古鞑子尝尝滋味，但急于要赶去襄阳报信，不想旁生枝节，给绊住了身子，岂知还是遇上了四只恶鬼拦路。老头儿不论哪一日归天都不打紧，郭二姑娘的讯息却不能不报，这才求他们宽限数天，就近到嘉兴来告知程英和陆无双两位姑娘。程陆两位得讯后当即北上，老头儿便依约前来送死。想不到柯老头儿守了信约，四只恶鬼却言而无信，事到临头居然不敢下手，哈哈，哈哈,neutral
柯老公公可曾听那两个蒙古使臣说起，郭二姑娘如何被擒可有性命危险,neutral
柯老公公，晚辈拜托你一件事，请你替先父立过一块墓碑，碑上便书：先父杨府君康之墓，不肖子杨过谨立几个字。,neutral
好，我姓樊，名叫一翁，请站起来赐招罢。,neutral
喂，矮胡子，你不知我这宝剪的名字，可要我教你,neutral
我的胡子原嫌太长，你爱做剃头的待诏，那是再好也没有，请罢,neutral
师父，弟子今日不能再以敬客之礼待人了。,angry
你竟如此小觑于我,angry
别打椅子，否则你对付不了。,neutral
一翁，你不是这位高人对手，退下罢。,neutral
啊哟，老矮子，你的胡子真是厉害，我潇湘子可服了你啦。,happy
天下之人，能人辈出。两个老儿固然了得，这少年功力虽浅，身法拳脚却也秀气得紧。,happy
爹爹，便是这老头儿,neutral
大陵穴,neutral
一箩麦，二箩麦，哥哥弟弟拍大麦,happy
尼马二兄，这老儿将咱们六人全不瞧在眼内，实是欺人太甚，,angry
这五人各显神通围攻老顽童，我若不出奇制胜，不足称能。,neutral
你这根死赤练蛇，花花绿绿的倒也好玩。,angry
大胡子原来还有这用处,surprise
空明拳,neutral
长胡子，你这脾气我很喜欢，咱二老大可交交啊。,happy
姓杨的小子，你识趣就快走我们谷主不喜你这等无礼的宾客。,angry
姑姑，你真的忘了过儿么,sad
我自与我姑姑说话，又干你这矮子甚么事了,angry
今日虽是师父大喜的好日子，难道我就杀不得人么,angry
不用顾忌甚么吉日良辰，尽管毙了这小子便是。,happy
我就在姑姑面前狂喷鲜血，一死了之，瞧她是否仍不理我,angry
你到底出不出去,angry
好小子，教你先吃我一胡子。,angry
这谷主阴险狠辣，武功定是远在矮子之上，我不胜其徒，焉能敌师,neutral
且慢,neutral
你和我已斗了数十招，始终是个平手，三招之内要想取胜，哼，那是梦想。,angry
啊,neutral
他胡子长在头上，若要挥动胡子，自然必先动头。我竟然不击其根本，却一味与他的胡子缠斗，实是大傻蛋一个。,angry
今日不拚个你死我活，你休想出得谷去。,angry
老矮子，你相貌本就不美，少了这一大把胡子，那更是怪模怪样之极了。,neutral
杨公子，你不及我大师兄力大，何必再斗,angry
原来她对这小子并无情意，否则眼见他身处险境，何以竟不介意,surprise
老樊，你不是我敌手，快快丢下钢杖投降了罢。,angry
可惜，可惜,sad
怎么,neutral
咱们再来过。,neutral
怎么要不要再来一次,sad
我学艺不精，有辱师尊，若是当真不能取胜，今日只有自刎以谢师父了。,sad
再要夺得此杖，除非将我这条手臂割去。,neutral
除非你凭真实本领打倒我，小老儿方肯服输。,neutral
不论我如何占到上风，他抵挡不住之时，只须突使妖术夺杖，终难胜他。,neutral
泼水,neutral
一翁，退下,neutral
转,neutral
啊哟,surprise
樊兄，世间最伤心之事是甚么,sad
是甚么,neutral
一翁，你再生这种傻念头，那便是不遵师令。你站在一旁，瞧为师收拾这小子。,angry
这些日子我老在打算给你缝件新袍子，但想今后永不再见你面了，缝了又有甚么用唉，想不到你真会寻到这里来。,sad
啊,neutral
你这恶贼害人，也教你同归于尽。,angry
灵台穴,neutral
灵台有损，百脉俱废,neutral
你老人家用甚么法子叫这矮子听话,angry
两位在此稍待，我送绝情丹去救人要紧。,neutral
你到这里来干甚么,angry
快毙了这矮鬼，以绝后患。,angry
樊兄，你手足上穴道被点，六个时辰后自行消解。我和你无冤无仇，不能害你。,neutral
小人正是樊一翁，听从神雕大侠吩咐。,neutral
西山十鬼擅闯宝庄，落得个个遍体鳞伤，今日暂且别过，但不知宝庄要在山西安业呢还是回凉州去我们好上门拜访啊。,neutral
史三哥本就有病，这事跟我们有伺干系，倒要请教。,neutral
好,happy
史大哥请留步。史三哥说我们是无心之失，除了我们十兄弟擅闯宝庄之外，是否此外尚有冒犯之处,neutral
你们惊走了九尾灵狐，使我三弟的内伤无法医治，纵然磕一千个头、一万个头，又有何用,angry
史氏兄弟善于驯兽，当今之世，再无胜得过他们的了。,neutral
此事须让我们西山十鬼告罪才是。但不知贤昆仲先前如何诱那灵狐出来此时何以不能重施故法,angry
这祸端因我兄弟而起，自当听由差遣。,neutral
她是冲着我而来，我去会会。,neutral
姊姊，我来啦，这几位都是好朋友。,happy
恭祝姑娘康宁安乐，福泽无尽神雕侠命我们来送第二件生辰礼物。,happy
恭,neutral
南阳大火,neutral
这是神雕侠送给郭二姑娘的第二件薄礼，烧了蒙古二十万大军的粮草。,neutral
出手的诸位豪杰都能全身而退么可须咱们前去接应,angry
我们探得蒙古番兵要以火炮轰打襄阳，南阳城的地窖之中藏了数十万斤火药。因此我们的祝寿烟花一放起，流星传讯，埋伏在南阳城内的一干好手便同时动手，先烧火药，再烧粮草。蒙古大军的士卒马匹，这番可要饿肚子了。,neutral
歼灭敌军两个千人队，固然大杀其威，但毁了蒙古军在南阳积贮数年的火药和大军粮草，只要他粮运不继，那就逼得非退兵不可。这场功劳可更加大了。,neutral
那个最大的火药库也炸了。,neutral
三弟且慢,happy
你认错人啦，他叫珠穆朗玛大师，是爹爹的好朋友。金轮法王却是爹爹的对头，这不是牛头不对马嘴么,surprise
托天势,neutral
姑娘快逃。,fear
恶和尚，你恁地歹毒快放了长须鬼，姑娘随你去便是。,angry
姑娘快逃，别管,fear
你若要逃，何不上马,neutral
你累啦，回去歇歇，明几我再教你。,neutral
我跟着你，不回去啦。,sad
没事。,neutral
蓉儿，他好啦,happy
大师父，没受伤吗,surprise
欧阳先生，别来无恙啊。,happy
你叫做赵钱孙李、周吴陈王,neutral
你是杀害我五个好兄弟的老毒物。,angry
看招,neutral
蛤膜功,neutral
喂，张三李四，胡涂王八，看招。,neutral
降龙十八掌，嘿，好家伙，好家伙,happy
你跟阿姨说，到底是谁打赢了,neutral
爸爸，我来啦,happy
爸爸，你吃罢。,neutral
过儿，过儿,neutral
老毒物，柯瞎子找你来啦，有种的快出来。,angry
老毒物，今日你还有何话说,angry
秦王鞭石,neutral
柠伏药叉,neutral
可惜，可惜,sad
乖孩儿，好聪明,happy
那么咱们快走。,neutral
那怎么办,sad
你七天没东西吃，能行吗,angry
孩儿，你尽管随那姓郭的前去，日后我必来寻你。,neutral
爸爸,happy
好孩子，我不怕毒，毒才怕我。你自己小心，我定来接你。,happy
柯公公，你怎么了,surprise
爸爸很怕郭伯母去找他，难道郭伯母这样娇滴滴的一个大美人儿，比柯瞎于还厉害得多吗,fear
桃花岛隐居，仍是遥领丐帮帮主之位，帮中事务由鲁有脚奉黄蓉之名处分勾当。她此番来到江南，原拟乘便会见帮中诸长老会商帮务，井打听洪七公近况，但郭靖受伤，只有先行归岛。其后说到杨过，黄蓉便将他叫进内舱，询问前事。杨过说了母亲因病逝世、自己流落嘉兴的经过，郭靖夫妇想起和穆念慈的交情，均是不胜伤感。,neutral
孩儿，我来教你练武功，免得你打不过武家那两个小鬼。,neutral
料来爸爸此刻已经伤势痊愈，从大钟底下出来了。不知他甚么时候来接我去，真的教我武功，也免得我在这里受人白眼，给人欺辱。,happy
不吃你郭家的饭，也饿不死我。,angry
啊,neutral
欧阳锋呢他在哪里,neutral
打死,angry
怎么办,sad
明儿我回嘉兴去。,neutral
你作死么快放开,angry
他小小年纪，入我门不过半年，怎能有此功力他既具此内力，适才比武就绝不该如此乱打，难道当真有诈么,surprise
师父，我来啦,happy
都是自己人，且莫斗了。,neutral
两位且住，是自己人。,neutral
爸爸，是我啊，是你的儿子啊，,happy
这孩子九成是到了桃花岛上。,neutral
喂，我的孩儿在哪里你有没见他啊,neutral
她武功又不及我，何必跟她练让我来教你。,neutral
爸爸，师父待我很好。,happy
你的武功倒练得不错，就可惜不会世上最上乘的两大奇功。,happy
好看好看就是不对劲，中看不中用。我把其中诀窍尽数传了你罢,neutral
啊哟，不好，莫要给你的女娃娃师父偷听了去。,happy
爸爸，你别得罪我师父。,angry
小丫头，你莫心焦，侍我传完了我孩儿功夫，就来放你。,neutral
咱们到那边去，莫给你的小师父听去了。,neutral
我也学过九阴真经，但跟你说的却大不相同。,surprise
姑姑，谁给你包上了这块布儿,angry
爸爸，你怎么得罪我师父啦,angry
爸爸，你累啦，咱们到屋里歇歇去罢。,happy
姑姑，姑姑爸爸，爸爸,happy
爸爸,happy
爸爸,happy
这五个家伙学的内功很好。是甚么门派,surprise
五名奸贼，总算你们大限未到，反正今后再也不能害人，快给我滚罢。记得回去跟你们袒师爷金轮法王说，叫他快到中原来，跟我较量较量。,angry
喂，你武功很好啊，你叫甚么名字,happy
老家伙厉害得很啊。,happy
爸爸，这些日子你在哪儿,neutral
我在找你。,sad
他是欧阳锋，欧阳锋是坏人。,angry
洪老前辈，他是我的义父。你怜他身患重病，神智胡涂，别跟他为难了罢。,sad
欧阳锋，咱们拳脚比不出胜败，再比兵器。,neutral
吃罢,neutral
这两位老人家返老还童，这种架又有甚么好打,angry
明天说甚么也不能让他们再打了。,angry
老家伙，想逃么,angry
老毒物原来越疯越厉害，老叫化今日性命休矣。,neutral
纵冒大险，也得救他们性命。,happy
臭蛤蟆，你服了我么,angry
臭蛤蟆，你义儿知道你敌不过我的打狗棒法，不肯摆式子给你瞧。,angry
好,happy
天下无狗,neutral
有了，有了。孩儿，你便以这杖法破他。,neutral
老毒物，欧阳锋老叫化今日服了你啦。,angry
老毒物欧阳锋，亏你想得出这一着绝招，当真了得好欧阳锋，好欧阳锋。,happy
欧阳锋,neutral
爸爸，老前辈,happy
笑腰穴,happy
有敌人前来捣乱，须得小心提防。我们特地赶回报讯。,neutral
我再吓他一吓，让他就此退去便是。,fear
一千零五、一千零六、一千零七,neutral
傻姑，你来，我有话跟你说。,angry
我既已决意与姑姑厮守终生，却何以又到处留情程姑娘、媳妇儿，还有那完颜萍。我对她们既无真情，何以又不规规矩矩的这真是贪多嚼不烂了。,angry
自从那天在终南山的晚上，你和我这般亲热，我怎么还能是你的师父你虽不肯娶我为妻，在我心里，我早就是你的妻子了。,sad
她何以待我如此好法我虽遭际不幸，自幼被人欺辱，但世上真心待我之人却也不少。姑姑是不必说了，如孙婆婆、洪老帮主、义父欧阳锋、黄岛主这些人，又如程英、陆无双，以及此间公孙绿萼这几位姑娘，无不对我极尽至诚。我的时辰八字必是极为古怪，否则何以待我好的如此之好，对我恶的又如此之恶,happy
这是因为各人品格不同了。这棒法唯丐帮帮主可使，咱们无意之中听见，未有师母之命，岂能偷学只有卑鄙小人才牢牢记住了。你不知羞耻，徒惹旁人耻笑。,neutral
你道我当真不知你是妒忌，是妒忌我那一刻做神仙的时光,angry
是欧阳锋，孙婆婆说定是欧阳锋过儿，过儿，你到哪里去了,neutral
我不想睡，你跟我说话啊。,sad
你刚才在说你义父欧阳锋，说他能逆行经脉，这和我伤势有甚么关系我又不是他打伤的,angry
黯然销魂掌,sad
那是源自西毒欧阳锋的武功了。,neutral
你骗人，你骗人,angry
双雕若不给那奸僧害死，咱们阵法发动，双雕便可飞临高台，抢救襄儿下来，目下却无善策。这二十八宿大阵乃依五行生克变化，由五位高手主持。咱们东南北中四个方位都有人了，但老顽童身受重伤，少了西方一人。倘若杨过在此，此人武功不在昔年欧阳锋之下，此刻却哪里找他去这西方的主将，倒是大费踌躇。,neutral
老毒物啊老毒物，你生前作恶多端，死后骸骨仍得与老叫化为邻，也可算是三生有幸。今日人人都来拜祭老叫化，却只有两个娃娃向你叩头，你地下有知，想来也要懊悔活着之时心狠手辣了罢,sad
武功天下第一,happy
昔日天下五绝，西毒、北丐与中神通已然逝世，今日当世高手，却有哪几个可以称得五绝,sad
不对，不对,surprise
我家官人姓武，叫作武二通。,neutral
渔樵耕读,neutral
这女魔头的徒儿一去，那魔头立即亲至。陆爷，不是我小看于你，凭你夫妇两人，再加上我，万万不是那魔头的对手。但我瞧逃也无益，咱们听天由命，便在这儿等她来罢,neutral
难道陆爷没跟你说过,surprise
这就是了。我是外人，说一下不妨。令兄陆大爷十余年前曾去大理。那魔头赤练仙子李莫愁现下武林中人闻名丧胆，可是十多年前却是个美貌温柔的好女子，那时也并未出家，也是前生的冤孽，她与令兄相见之后，就种下了情苗，后来经过许多纠葛变故，令兄与令嫂何沅君成了亲。说到令嫂，却又不得不提拙夫之事。此事言之有愧，但今日情势紧迫。我也只好说了。这个何沅君，本来是我们的义女。,neutral
令嫂何沅君自幼孤苦，我夫妇收养在家，认作义女，对她甚是怜爱。后来她结识了令兄，双方情投意合，要结为夫妇。拙夫一来不愿她远嫁，二来又是固执得紧，说江南人狡猾多诈，十分靠不住，无论如何不肯答允。阿沅却悄悄跟着令兄走了。,neutral
如此说来，掘坟盗我兄嫂遗体的，便是尊夫了。,angry
这番话只能说到这里为止，别的话却是不足为外人道了。,neutral
万想不到拙夫没来，那赤练仙子却来寻府上的晦气,surprise
喂，喂，你来见过陆爷、陆二娘，你取去的那两具尸体呢快送回来,neutral
拙夫平日疯疯癫癫。这回却难得通达事理。,neutral
我也不知所料对不对，待会儿便有分晓。,neutral
干甚么,angry
拙夫自从阿沅嫁了令兄之后，见到女孩子就会生气，不知怎的，竟会眷顾府上两位千金，实非我意料所及。他第一次来带走儒儿、文儿之时，我见他对两位小姐连望几眼。神色间大是怜爱，颇有关怀之意。,neutral
既有外人插手，就不便在屋中杀人了,neutral
陆二爷，你哥哥若是尚在，只要他出口求我，再休了何沅君这个小贱人，我未始不可饶了你家一门良贱。如今，唉，你们运气不好，只怪你哥哥太短命，可怪不得我。,angry
这女魔头武功之强，竟似不亚于当年的梅超风。,surprise
两个女孩儿呢,surprise
你敢逐我徒儿，胆子也算不小。,angry
若是搬动二人，只怕死得更快，可是又不能将他们留在此地，那便如何是好,sad
娘子，你没事么,neutral
快跟我来。,neutral
啊哟，不好，咱们引鬼上门，那女魔头跟着就来啦,neutral
姨妈说给你，你拿着罢,neutral
为为甚么这样,surprise
三哥，你怎么啦,surprise
夜长梦多，别等郭靖夫妇到来，讨不了好去。,sad
爹爹，妈妈,happy
爸爸不知到哪里去啦。,sad
你怎么这生傻,angry
渔樵耕读,neutral
这番话只能说到这里为止，别的话却是不足为外人道了。,neutral
儒儿，文儿，给我出来,angry
喂，喂，你来见过陆爷、陆二娘，你取去的那两具尸体呢快送回来,neutral
哼，我才不哭呢,angry
我也不知所料对不对，待会儿便有分晓。,neutral
干甚么,angry
正是，正是。,neutral
娘子，你没事么,neutral
快跟我来。,neutral
啊哟，不好，咱们引鬼上门，那女魔头跟着就来啦,neutral
绿,neutral
为为甚么这样,surprise
两个女娃娃在这里，是不是,surprise
怎么十年不见，她仍是这等年轻貌美,surprise
好力气。,happy
我既在陆家墙上印了九个手印，这两个小女孩是非杀不可的。武三爷，请你让路罢。,fear
倒打金钟,neutral
三哥，你怎么啦,surprise
爸爸不知到哪里去啦。,sad
三娘，针上剧毒厉害无比，如何吸得,neutral
你是谁怎知我的名字,sad
你在这儿干么啊，是了，敦儒与修文要在此处比武，你是作公证人来着。哼哼，你既是他们知交，怎不设法劝阻反而推波助澜，好瞧瞧热闹，那算得是甚么朋友,angry
小侄不知二位武兄要来比武，老伯不可错怪了人。,neutral
这小子未必便识得我两个孩儿，鬼鬼祟祟的躲在这儿，定是另有诡计。,neutral
好小子，轻功倒是了得，亮剑动手罢,happy
小子狂妄，适才我掌底留情，未下杀手，你便敢轻视于我么,angry
弹指神通,neutral
咦,neutral
弹指神通,neutral
啊哟,surprise
小侄这一招避得太也难看，倘若当真比武，小侄已然输了。,neutral
好,happy
好，来罢,happy
我一生没做过甚么于人有益之事，死了以后，姑姑自然伤心，但此外念着我的，也不过是程英、陆无双、公孙绿萼等寥寥几个红颜知己而已。今日何不做桩好事，教这位老伯终身记着我的好处,sad
只是得罪了两令郎，老伯可莫见怪。,neutral
文儿，儒儿，咱们一块儿走。,happy
爹爹。,angry
别错会了意，我可没叫杨家兄弟来劝你们。,neutral
大哥，咱们一齐回襄阳去，亲口向芙妹问个明白。,neutral
文儿，好端端的打甚么架,angry
你二人为了一个女子，便要自残性命，真是枉为男子汉了。,angry
傻孩子，大丈夫何患无妻姓郭的女孩子对你们既无真心，又何必牵挂于她咱父子眼前的第一件大事，却是甚么,angry
四位且莫动手，听在下一言。,neutral
你怎地叫她师伯,angry
两位小武公子，适才见你们行事，也算得是多情种子，不似那些无情无义的薄幸男人可恶。瞧在这个份上，今日饶你们不死，给我快快去罢,angry
贼贱人中了我一指，今日已难逃性命。,angry
啊哟,surprise
李师伯,neutral
你抱住我干么救他们的伤要紧啊。,fear
你有解药没有有解药没有,angry
使不得,sad
好啦，好啦,happy
姑姑，姑姑,neutral
武老伯，我没事了，你不用担心。两位武兄都安好罢,happy
咱们怎地回襄阳来的,surprise
拜见,neutral
我若叫恩公，谅你也不肯答应。但你如再称我老伯，那你分明是瞧我武三通不起了。,neutral
杨兄弟，话不是这么说。别说你身上之毒未必真的难治，便算确实无药可救，凡人多活一时便好一时，纵是片刻之命，也决计难舍。世上并无长生之人，就算武功通天，到头来终究要死，然则何以人人仍是乐生恶死呢,neutral
咱们回到襄阳有几日啦,neutral
杨兄弟，你怎么啦,surprise
常言道善有善报，杨居士舍身为人，真乃莫大慈悲，此毒必当有解。,happy
师弟，咱们齐去绝情谷，逼那老乞婆交出解药。,neutral
杨兄弟，你安心静养，决没错儿。咱们明日一早动身，尽快回来，待驱除了你的病根子，得痛痛快快喝你和郭姑娘的一杯喜酒。,happy
武老伯说道，大武哥哥、小武哥哥两人打你不过，给你逼得从此不敢再来见我，这话可是真的么,neutral
迟得片刻，杨过性命便有重大危险,neutral
郭夫人,neutral
好孩儿，有志气,happy
杨兄弟一片肝胆热肠，全是为了相救我那两个畜生，免得他兄弟自残，沦于万劫不复之地，想不到竟生出这些事来。,angry
武敦儒、武修文你这两只小畜生，杨过兄弟待你们何等大仁大义，你这两只畜生却累得他断了手臂，你们自己想想，咱们姓武的怎对得他住,angry
武兄也不必太过着恼，杨过断臂，全因小妹没有家教，把女孩儿纵坏了。当时我们郭爷也是气恼之极，要将小女的手臂砍一条下来。,angry
武兄，现下一切说明白啦，实是错怪了杨过这孩子。眼前有两件大事，第一，咱们须得找到杨过，好好的向他赔个不是。,angry
我师叔和师弟是被渔网阵困住的，囚在石室之中，那老乞婆倒似还不想便即加害。,neutral
武氏父子既去，那三个年轻人多半也会随去，凭空多了几个强助，岂不是妙,neutral
嗯，咱们人虽不多，也得有个发号施令之人。武兄，大伙儿一齐听你号令，谁都不可有违。,neutral
好这一次咱们找杨过、求解药、救你的师叔、师弟，须得和衷共济。旧日恩怨，暂且搁过一边。武兄，你们父子可不能找李莫愁算帐，待得大事一了，再拚你死我活不迟。,happy
武兄，你眼前腿上有伤，君子报仇，十年未晚，又岂急在一时,neutral
那日两兄弟就算不中李莫愁的毒针，他二人自相残杀，必有一亡，而活着的那一个，我也决不能当他是儿子了。现下这两只畜生居然好端端地有说有笑，杨兄弟却断了一条手臂。唉，真不知从何说起该当斩下两只小畜生的臂膀来，接在杨兄弟身上才是道理。,sad
我去,neutral
郭伯母你在这儿留守，小侄随武伯父一同前往。,neutral
此处已是古墓中心，咱们少憩片刻，这便找杨过去。,neutral
我双手各有一把冰魄银针，你们三个姓武的，怎不过来尝尝滋味,angry
不好,angry
这几个家伙出不来啦。师妹和杨过只道我不识水性，说甚么也料不到我会从秘道进来偷袭。,neutral
武伯伯，那李莫愁阴险恶毒，你又不是今天才知，怎么你毫不防备这时再来背后痛骂，又有何用,angry
我,neutral
武伯伯，你瞧瞧有甚么不对了。,surprise
若不是小郭姑娘饿了大哭，只怕咱们都要死在那间石室里了。,sad
这便找李莫愁去。,neutral
杨兄弟请别生气。我们五人给李莫愁那魔头困在石室之中，好容易逃了出来，郭姑娘一时鲁莽，失手,neutral
怎么，是我鲁莽了你自己也以为是李莫愁，否则怎地不作声,angry
你们来做甚么,angry
不错，我今日正要忘恩负义。你说我抢这孩子，我便抢了永远不还，瞧你拿我怎么,angry
我妹子给他抢去啦。,angry
有鬼,neutral
武叔叔，你在这里，我在那边。僵尸若是出来，咱们四掌齐施，打他个筋折骨断。,neutral
不好,angry
嘿嘿,happy
李莫愁,neutral
必是蒙古兵攻打重阳宫失利，放火烧山泄愤。,neutral
我死后必成厉鬼，要害死杨过，害死小龙女，害死武三通，害死黄蓉,angry
杨兄弟，我师叔和朱师弟被困绝情谷，你去不去救他们啊,fear
我师徒便是为此而去绝情谷。你可知这慈恩和尚，和那绝情谷的女谷主有何渊源,neutral
咱们是否要报明身份，让令妹出来迎接大师,neutral
师姊,neutral
李莫愁，你今日恶贯满盈，不必多费口舌、徒自强辩了。,neutral
难道郭靖也来了吗妙极，妙极,happy
妈妈,happy
快弄死这孩儿,angry
蓉儿，蓉儿，真乃女中诸葛也,happy
这渔网阵好不厉害，不知如何方能破得,fear
这里除了黄蓉母女三人，其余的我可不究擅自闯谷之罪，一齐给我走罢,neutral
妈，咱们找个地方，我把软猬甲脱下来给你换上，那就不怕老太婆的棺材钉了。,angry
小女胡言，谷主不必当真。小妹生平说一是一，自当相助谷主退敌，便请赐药是幸。,neutral
师哥，这毒妇害死了师叔。咱们无论如何,angry
今日若教这魔头逃脱了，咱们怎对得起师叔,sad
我去揪他过来。,neutral
李莫愁，今日你再也休想逃走了。,angry
李莫愁，我要问你一句话，陆展元和何沅君的尸首，你弄到哪里去了,angry
公孙止这老儿奸恶如此，龙姑娘该当杀了他才是。,angry
裘千尺她自己一个好好基业，何必要放火烧了,angry
师叔死得极快，倒没受甚么苦楚。,sad
何不便问问她去,neutral
有一件事我不明白，要向妹妹请教。你辛辛苦苦的夺得了绝情丹，过儿却不肯服，竟投入了万丈深渊之中，那是甚么缘故,surprise
何必为了一餐，舍却如此美景,happy
快拉她上来。,neutral
一灯,neutral
定天贤王,neutral
郭大侠，这这便便如何是好咱们这这该当郭靖不语，眼见蒙古兵已有五千余人爬上城头，举起黑旗一招，蓦地里金鼓齐鸣，朱子柳与武三通各率一队精兵，从埋伏处杀将出来，立时填住了缺口，不令蒙古兵再行攻上。城头的五千余人陷入了包围之中。,neutral
回去,neutral
爸爸，爸爸,happy
好雕儿，乖雕儿。,happy
这两只雕儿是你家养的么,neutral
这对雕儿真好，肯听你话。我回头要爹爹也去捉一对来养了玩。,happy
你叫甚么名字怎么一个儿出来玩,angry
哼，你追得着我么,angry
铁树桩,neutral
芙儿你又在欺侮人了。是不是,angry
闻香穴,neutral
小兄弟别怕，你姓甚么,happy
哼，我才不哭呢,angry
我也没机缘拜见过他老人家，久仰南帝的大名，好生钦羡。这女孩儿的爹娘曾受过他老人家极大的恩惠。如此说来，大家不是外人，你可知道你妈等的敌人是谁,neutral
这老公公又瞎又跛，却奔得这么快。,surprise
喂，你们在干甚么,angry
爸爸不知到哪里去啦。,sad
给我，给我。,neutral
你这小子打人,angry
你讨饶就放的，,angry
你们再上来一步，我就跳下去啦,angry
你在这里捣甚么鬼,angry
杨大哥，你跟师娘学武艺，我们三个跟师父学。这几个月下来，也不知是谁长进得快了。咱们来过过招，比划比划，你敢不敢,neutral
你敢不敢,fear
你敢不敢,fear
就是给你们打死了，我也不逃。,angry
你已经输啦，我们饶了你，不用再打了。,angry
啊,neutral
我弟弟死了,sad
欧阳锋呢他在哪里,neutral
打死,angry
啊哟，不好，死了,sad
武家哥哥，又见到这恶女人啦。,angry
好，咱们今晚夜行，连夜赶到大胜关。我去把你红马牵出来。,neutral
爹爹送他到全真派去学艺，不知学得比咱们如何,surprise
他从前根基不好，想来难有甚么迸境，却怎地又弄成这副狼狈模样,sad
你就是不听我话。,angry
杨大哥，你师父干么不要你,angry
杨兄，这匹千里宝马妙得紧啊，亏你好本事觅来几时你也给我觅一匹。,happy
我人丑马也丑，原本相配。两位武兄的坐骑，想来神骏得紧了。,happy
鲁长老也真够笨的了，这打狗棒法学了这么久，还是没学会。,angry
芙妹，这打狗棒法到底是怎样打的，你见过没有,surprise
小武哥哥，你别再闹，我倒有个主意。,angry
要是给师母知觉咱们偷学棒法，定讨一顿好骂。,angry
杨大哥，你说是大武哥哥好呢，还是小武哥哥好,neutral
我妈还没来么,surprise
啊哟不好，爹爹说要将我许配于他，莫非妈竟依从了爹爹,sad
我何不羞辱他一番教他在众英雄之前大大出一番丑。师母向来极其要强好胜，这姓杨的当众栽个大筋斗，师母便决不能再要他做女婿。,angry
他过来敬酒，定有鬼花样。但说在酒中下毒，料他也是不敢。,neutral
笑腰穴,happy
哥哥，怎么师伯教的功夫不管使,angry
甚么不管使,angry
你也算得甚么英雄天下英雄死光光了，也轮不到你。,angry
芙妹，我去给你出气。,angry
大武哥哥，小武哥哥，咱们别喝酒了，外边玩去。,happy
黄帮主，这一位是你的爱女罢前日我见她倚在你的怀中，撒痴撒娇，有趣得紧啊。,happy
你先把郭姑娘放回，我们立时送上解药，比武之议慢慢商量不迟。,neutral
笨蛋，这当儿怎容得如此迟疑,angry
和尚你走开，让他下来。,neutral
我知道为甚么。他二人师不师、徒不徒，狗男女作一房睡。,angry
修儿，你不干不净的说甚么,angry
请进来罢。,neutral
你再逼我，干脆拿剑在我脖子上一抹，也就是了，免得我零碎受苦。,angry
既是如此，咱们从前的话就算白说。我一个人走得远远地，永远不见杨过，咱们也永远别见面了。,sad
师母是最疼你的，你日也求，夜也求，缠着她不放。,happy
啊,neutral
谁叫你说便宜话儿我不嫁杨过，可也不能嫁你这小猴儿。,angry
小武哥哥，咱们自小一块儿长大，我敬重你哥哥，可是跟你说话却更加投缘些。对你哥儿俩，我实在没半点偏心。你今日定要逼我清清楚楚说一句，倘若你做了我，该怎么说呢,neutral
好啦，今晚别再说了。爹爹今日跟敌人性命相搏，咱们却在园子中说这些没要紧的话，若是给爹爹听到了，大家都讨个没趣。小武哥哥，我跟你说，你想要讨我爹娘欢心，于么不多立战功整日价缠在我身旁，岂不让我爹娘看轻了,angry
好，那你也早些睡罢。,neutral
芙妹，你叹什么气,angry
快请两位武爷。,neutral
我命你们好好款待两位武爷，怎地竟如此无礼快快松绑。,angry
小徒冒昧无状，承王爷及各位教诲，兄弟这里谢过了。,happy
小侄这一招避得太也难看，倘若当真比武，小侄已然输了。,neutral
大哥，此处地势空旷，便在这儿罢。,neutral
好,happy
彼此心照，何必多言你如胜我，也是一样。,happy
兄弟，这是天数使然，你我都做不了主。,neutral
好，来罢,happy
你来这儿干么,angry
倘若真是练功用功，我自然管不着。可是你们出招之际，心中尽想着我的芙妹，我不管谁管,angry
哼，未过门的妻子亏你说得出口这婚事有媒妁之言没有你行过聘没有下过文定没有,angry
师父有意将芙妹许配于你，这话说不定也是有的。可是师母却有意许我兄弟之中一人。眼下咱们三人均是一般，谁都没有名份，日后芙妹的终身属谁，却难说得很呢。,neutral
你笑甚么难道我的话错了,angry
错了，错了。郭伯伯固然欢喜我，郭伯母却更加欢喜我，你两兄弟哪能与我相比,sad
好，杨大哥，祝你和郭师妹福福寿无疆。我兄弟俩远走天涯，世上算是没我们两兄弟了。,happy
爹爹。,angry
大哥，咱们一齐回襄阳去，亲口向芙妹问个明白。,neutral
武二哥，芙妹两字，岂是你叫得的从今而后，这两字非但不许你出口，连心中也不许想。,angry
好，姓杨的，咱们有多年没打架了。,neutral
好，这是你自高自大，可不是我兄弟要叨你的光。若你错用了一招全真派或是古墓派的武功，那便如何,angry
咱们此刻比武，不为往时旧怨，也不为今日新恨，乃是为芙妹而斗。倘若我输了，我只要再向她看上一眼，再跟她说一句话，我便是猪狗不如的无耻之徒。但若你们输了呢,neutral
兄弟同心，其利断金。你两兄弟联手，果然厉害。,happy
好，小心着，我岳母亲手所授的精妙功夫这就来了,happy
不错，同胞手足，有难同当。,happy
咱们一齐瞧见，何以我会使，你却不会我岳母跟鲁长老说的只是口诀，招数却是我岳母暗中传我的。连我的芙妹也不会，你们如何懂得,angry
这是因为各人品格不同了。这棒法唯丐帮帮主可使，咱们无意之中听见，未有师母之命，岂能偷学只有卑鄙小人才牢牢记住了。你不知羞耻，徒惹旁人耻笑。,neutral
此刻既无对证，我虽用打狗棒法胜了，你们仍是心服口不服。好罢，我另使一门我岳母暗中所授的功夫，给你们见识见识。,angry
那又何必如此小气好，我问你，你师母拜洪老帮主为师之前，武功传自何人,angry
你们见过黄岛主没有,neutral
玉箫剑法精妙之处，尚不止此，小心了,neutral
大哥，咱们要是就此罢手，活在世上还有甚么味儿不如跟他拚了,angry
多有得罪。,neutral
爹，你你不也是为了一个女子而伤心一辈子么我,angry
傻孩子，大丈夫何患无妻姓郭的女孩子对你们既无真心，又何必牵挂于她咱父子眼前的第一件大事，却是甚么,angry
四位且莫动手，听在下一言。,neutral
两位小武公子，适才见你们行事，也算得是多情种子，不似那些无情无义的薄幸男人可恶。瞧在这个份上，今日饶你们不死，给我快快去罢,angry
你有解药没有有解药没有,angry
使不得,sad
再过五日，我身上的情花剧毒便发，在这世上多活五日，少活五日，实在没甚么分别。武氏兄弟人品平平，但这位武老伯却是至性至情之人，和我心意相合，他一生不幸，罢罢罢，我舍却五日之命，让他父子团圆，以慰他老怀便了。,sad
修儿，你爹爹的伤势怎样,neutral
武敦儒、武修文你这两只小畜生，杨过兄弟待你们何等大仁大义，你这两只畜生却累得他断了手臂，你们自己想想，咱们姓武的怎对得他住,angry
李莫愁，今日你还想活着下终南山么,sad
咱们到古墓中来，是为了救你妹子，既然不幸遭难，大家一起死了便是，你又发甚么小姐脾气了,angry
好啦，是我说得不对，跟你赔不是啦。,sad
李莫愁，你今日恶贯满盈，不必多费口舌、徒自强辩了。,neutral
大伙儿追,happy
哼，适才我手下留情，难道当真便伤她不得。,angry
龙家姊姊心好，不肯杀你。我全家给你杀得鸡犬不留，只剩下我一人，今日我可要报仇了。表姊，咱们上,happy
师娘，不如叫这万恶的女魔头把草吃了。,angry
瞧你逃到哪儿去,angry
大英雄,happy
我同时败此三人，方显得功夫。,neutral
那一干人来襄阳到底为的甚么苦说有甚么图谋，怎的仍不见有丝毫端倪如说真的来为襄儿祝寿，世间决无是理。,angry
啊哟,surprise
去传我号令，调二千弓弩手来。,neutral
蓉儿，这两个孩儿没了爹娘，咱们便带到桃花岛上，以后要多费你心照顾啦。,neutral
蜈蚣蟀,neutral
你讨饶就放的，,angry
你这丫头如此狠恶，我日后必报此仇。,angry
捉住他，捉注他,happy
我纵然跳崖而死，也不能让这两个臭小子捉住了再打。,angry
甚么事,neutral
过儿，过儿。,neutral
大师父，弟子要请师父恩准，跟你收四个徒孙。,neutral
咱们定个规矩，你不能教过儿，我也不能教他们三人。这四个孩子之间，更加不得互相传授，否则错乱了功夫，有损无益。,neutral
托梁换柱,neutral
我若去偷学武功，保管比武氏兄弟强得多，那也不用怕他们来害我了。,happy
你敢不敢,fear
将来若有一日我能学得郭伯伯的本事，纵然一世受苦，也是心甘。,happy
啊哟，不好，死了,sad
你郭伯父将功夫传了他女儿，又传了武氏兄弟，他日相遇，咱们仍会受他们欺辱。,angry
你倒识得我。,neutral
凌波，去罢,happy
她怕了咱们，追啊,happy
打得好，用力打,happy
好，咱们今晚夜行，连夜赶到大胜关。我去把你红马牵出来。,neutral
这位是郭大侠，这位是郭夫人黄帮主。,neutral
这位老道姑是全真教的女剑侠，姓孙名不二。,neutral
爹爹送他到全真派去学艺，不知学得比咱们如何,surprise
一日为师，终身为父。,happy
杨家哥哥是你们小时同伴，你们好好招呼他。,happy
小畜生、小杂种,neutral
杨大哥，你师父干么不要你,angry
你师父是道爷，难道也有女儿么,surprise
杨大哥，你这就去安置罢，明儿我再找你说话。,neutral
你找我么,angry
杨兄，这匹千里宝马妙得紧啊，亏你好本事觅来几时你也给我觅一匹。,happy
咱们绕近路先到那棵大树上躲着，大家小心些别出声，我妈不会知觉的。,neutral
你为甚么叹气,angry
杨大哥，咱们这么久没见，我有好多话要问你呢。再说，今晚开英雄大宴，东南西北、各家各派的英雄好汉都来聚会，你怎不见识见识呢,neutral
你就是再美十倍，也怎及得上我姑姑半分,sad
英儿的终身大事，自然不能轻忽。但过儿年纪还小，少年人顽皮胡闹总免不了的。在全真教闹的事，看来也不全是他错。,neutral
好，黄帮主，你划下道儿来罢。,neutral
封,neutral
怎么她不动生色，原来早知道了,surprise
大武哥哥，小武哥哥，你两个在我旁边，也摆马步。,neutral
过儿聪明智慧，胜于武家兄弟十倍。芙儿是个草包，更加不用提。他知一阳指是一灯大师的本门功夫，武氏兄弟的师叔伯们到来，怜他兄弟孤苦，定会传授；而他哥儿俩要讨好芙儿，自是学到甚么就转送给她甚么了。,neutral
大丈夫得能如此，方不在在这世上走一遭。只是众人这等欢欣，我又何忍将洪老帮主逝世的讯息说了出来何况我人微言轻，述说这等大事，他们未必肯信。会中七嘴八舌，势必乱成一团，这又不是好事，何必扫他们的兴,happy
我何不羞辱他一番教他在众英雄之前大大出一番丑。师母向来极其要强好胜，这姓杨的当众栽个大筋斗，师母便决不能再要他做女婿。,angry
我还道一阳指是甚么了不起的玩意，哼瞧来也没甚么用。,angry
你也算得甚么英雄天下英雄死光光了，也轮不到你。,angry
我倒有个必胜的法儿。,neutral
赢到此处，已然够了，莫要见好不收，自讨没趣。,happy
武家哥哥，咱们三人齐上，再跟他斗过。,neutral
朱师叔功力如此深厚强劲，化而为书法，其中又尚能有这许多奥妙变化，我不知何日方能学到如他一般。,happy
大武哥哥，小武哥哥，咱们别喝酒了，外边玩去。,happy
郭伯母。,neutral
黄帮主，你不用害怕，你是中原武林中大有来头的人物，我们自是以礼相待。只要武林盟主之位有了定论，立时恭送南归。,happy
快跳窗逃走，向师父求救。,neutral
笨蛋，这当儿怎容得如此迟疑,angry
师娘，咱们先走罢，你身子不适，须得保重。,neutral
为人不讲侠义二字，练武有何用处活在世上又有何用处这姓杨的强过你们百倍。哼，你兄弟俩好好想一想罢。,angry
妹子，我有一件物事送给你。,happy
过儿，你这一辈子跟我在一起，会烦恼么会生厌么,sad
敦儿、修儿，你哥儿俩另外去要间房，不跟杨家哥哥一房睡罢。,neutral
干么过儿和我好，他就成了畜生、狗男女,angry
你这打狗棒法到底从何处学来,angry
朱雀移青龙，巽位改离位，乙木变癸水。,neutral
若不是爹爹被害，我妈也不致悲伤困顿，这样早便死了，我自也不会吃尽这些苦头。,sad
原来是杨大哥，只你们两位吗,surprise
杨大哥。,neutral
侄儿受伤后在一个荒谷中养伤，后来遇到师父，便同来相寻郭伯伯。,neutral
不许开城,neutral
大蒙古国第一护国法师金轮法王书奉襄阳城郭大侠尊前：昨宵夜猎，邂逅贤徒武氏昆仲，常言名门必出高弟，诚不我欺。老衲久慕大侠风采，神驰想像，盖有年矣。日前大胜关英雄宴上一会，匆匆未及深谈，兹特移书，谨邀大驾。军营促膝，杯酒共欢，得聆教益，洵足乐也。尊驾一至，即令贤徒归报平安如何,happy
如何,neutral
快请两位武爷。,neutral
小徒冒昧无状，承王爷及各位教诲，兄弟这里谢过了。,happy
将这小贼擒下了,neutral
哎哟,angry
